To honour the JVM settings for this build a single-use Daemon process will be forked. For more on this, please refer to https://docs.gradle.org/8.12/userguide/gradle_daemon.html#sec:disabling_the_daemon in the Gradle documentation.
Daemon will be stopped at the end of the build 
Configuration on demand is an incubating feature.

> Configure project :app
WARNING: The option setting 'android.aapt2FromMavenOverride=/data/data/com.termux/files/usr/bin/aapt2' is experimental.
WARNING: We recommend using a newer Android Gradle plugin to use compileSdk = 36

This Android Gradle plugin (8.2.2) was tested up to compileSdk = 34.

You are strongly encouraged to update your project to use a newer
Android Gradle plugin that has been tested with compileSdk = 36.

If you are already using the latest version of the Android Gradle plugin,
you may need to wait until a newer version with support for compileSdk = 36 is available.

To suppress this warning, add/update
    android.suppressUnsupportedCompileSdk=36
to this project's gradle.properties.

> Task :app:preBuild UP-TO-DATE
> Task :app:preReleaseBuild UP-TO-DATE
> Task :app:checkReleaseAarMetadata UP-TO-DATE
> Task :app:generateReleaseResValues UP-TO-DATE
> Task :app:mapReleaseSourceSetPaths UP-TO-DATE
> Task :app:generateReleaseResources UP-TO-DATE
> Task :app:mergeReleaseResources UP-TO-DATE
> Task :app:packageReleaseResources UP-TO-DATE
> Task :app:parseReleaseLocalResources UP-TO-DATE
> Task :app:createReleaseCompatibleScreenManifests UP-TO-DATE
> Task :app:extractDeepLinksRelease UP-TO-DATE
> Task :app:processReleaseMainManifest UP-TO-DATE
> Task :app:processReleaseManifest UP-TO-DATE
> Task :app:processReleaseManifestForPackage UP-TO-DATE
> Task :app:processReleaseResources FAILED

[Incubating] Problems report is available at: file:///data/data/com.termux/files/home/Lumora/build/reports/problems/problems-report.html

FAILURE: Build failed with an exception.

* What went wrong:
Execution failed for task ':app:processReleaseResources'.
> A failure occurred while executing com.android.build.gradle.internal.res.LinkApplicationAndroidResourcesTask$TaskAction
   > Android resource linking failed
     08-13 20:20:04.507 10700 10700 E aapt2   : No package ID 7f found for resource ID 0x7f040240.
     08-13 20:20:04.507 10700 10700 E aapt2   : No package ID 7f found for resource ID 0x7f040104.
     08-13 20:20:04.507 10700 10700 E aapt2   : No package ID 7f found for resource ID 0x7f040345.
     08-13 20:20:04.507 10700 10700 E aapt2   : No package ID 7f found for resource ID 0x7f040305.
     08-13 20:20:04.507 10700 10700 E aapt2   : No package ID 7f found for resource ID 0x7f040195.
     08-13 20:20:04.507 10700 10700 E aapt2   : No package ID 7f found for resource ID 0x7f040105.
     08-13 20:20:04.507 10700 10700 E aapt2   : No package ID 7f found for resource ID 0x7f040046.
     08-13 20:20:04.507 10700 10700 E aapt2   : No package ID 7f found for resource ID 0x7f040048.
     08-13 20:20:04.507 10700 10700 E aapt2   : No package ID 7f found for resource ID 0x7f040047.
     08-13 20:20:04.507 10700 10700 E aapt2   : No package ID 7f found for resource ID 0x7f0400e9.
     08-13 20:20:04.507 10700 10700 E aapt2   : No package ID 7f found for resource ID 0x7f04018d.
     08-13 20:20:04.507 10700 10700 E aapt2   : No package ID 7f found for resource ID 0x7f040193.
     08-13 20:20:04.507 10700 10700 E aapt2   : No package ID 7f found for resource ID 0x7f040297.
     08-13 20:20:04.507 10700 10700 E aapt2   : No package ID 7f found for resource ID 0x7f0401a9.
     08-13 20:20:04.507 10700 10700 E aapt2   : No package ID 7f found for resource ID 0x7f040296.
     08-13 20:20:04.507 10700 10700 E aapt2   : No package ID 7f found for resource ID 0x7f040192.
     08-13 20:20:04.507 10700 10700 E aapt2   : No package ID 7f found for resource ID 0x7f0401af.
     08-13 20:20:04.507 10700 10700 E aapt2   : No package ID 7f found for resource ID 0x7f04018e.
     08-13 20:20:04.507 10700 10700 E aapt2   : No package ID 7f found for resource ID 0x7f040120.
     08-13 20:20:04.507 10700 10700 E aapt2   : No package ID 7f found for resource ID 0x7f040292.
     08-13 20:20:04.507 10700 10700 E aapt2   : No package ID 7f found for resource ID 0x7f0400bb.
     08-13 20:20:04.507 10700 10700 E aapt2   : No package ID 7f found for resource ID 0x7f0401ac.
     08-13 20:20:04.507 10700 10700 E aapt2   : No package ID 7f found for resource ID 0x7f040123.
     08-13 20:20:04.507 10700 10700 E aapt2   : No package ID 7f found for resource ID 0x7f04006b.
     08-13 20:20:04.507 10700 10700 E aapt2   : No package ID 7f found for resource ID 0x7f0401fe.
     08-13 20:20:04.507 10700 10700 E aapt2   : No package ID 7f found for resource ID 0x7f04023d.
     08-13 20:20:04.507 10700 10700 E aapt2   : No package ID 7f found for resource ID 0x7f0402ee.
     08-13 20:20:04.507 10700 10700 E aapt2   : No package ID 7f found for resource ID 0x7f0401fd.
     08-13 20:20:04.507 10700 10700 E aapt2   : No package ID 7f found for resource ID 0x7f0402e0.
     08-13 20:20:04.507 10700 10700 E aapt2   : No package ID 7f found for resource ID 0x7f04006a.
     08-13 20:20:04.508 10700 10700 E aapt2   : No package ID 7f found for resource ID 0x7f0402fc.
     08-13 20:20:04.508 10700 10700 E aapt2   : No package ID 7f found for resource ID 0x7f04033a.
     08-13 20:20:04.508 10700 10700 E aapt2   : No package ID 7f found for resource ID 0x7f04033b.
     08-13 20:20:04.508 10700 10700 E aapt2   : No package ID 7f found for resource ID 0x7f040335.
     08-13 20:20:04.508 10700 10700 E aapt2   : No package ID 7f found for resource ID 0x7f040336.
     08-13 20:20:04.508 10700 10700 E aapt2   : No package ID 7f found for resource ID 0x7f040337.
     08-13 20:20:04.508 10700 10700 E aapt2   : No package ID 7f found for resource ID 0x7f040312.
     08-13 20:20:04.508 10700 10700 E aapt2   : No package ID 7f found for resource ID 0x7f040323.
     08-13 20:20:04.508 10700 10700 E aapt2   : No package ID 7f found for resource ID 0x7f040043.
     08-13 20:20:04.508 10700 10700 E aapt2   : No package ID 7f found for resource ID 0x7f040042.
     08-13 20:20:04.508 10700 10700 E aapt2   : No package ID 7f found for resource ID 0x7f040041.
     08-13 20:20:04.508 10700 10700 E aapt2   : No package ID 7f found for resource ID 0x7f040040.
     08-13 20:20:04.508 10700 10700 E aapt2   : No package ID 7f found for resource ID 0x7f04003f.
     08-13 20:20:04.508 10700 10700 E aapt2   : No package ID 7f found for resource ID 0x7f040147.
     08-13 20:20:04.508 10700 10700 E aapt2   : No package ID 7f found for resource ID 0x7f0401f8.
     08-13 20:20:04.508 10700 10700 E aapt2   : No package ID 7f found for resource ID 0x7f04012e.
     08-13 20:20:04.508 10700 10700 E aapt2   : No package ID 7f found for resource ID 0x7f0401b4.
     08-13 20:20:04.508 10700 10700 E aapt2   : No package ID 7f found for resource ID 0x7f040150.
     08-13 20:20:04.508 10700 10700 E aapt2   : No package ID 7f found for resource ID 0x7f040112.
     08-13 20:20:04.508 10700 10700 E aapt2   : No package ID 7f found for resource ID 0x7f040118.
     08-13 20:20:04.508 10700 10700 E aapt2   : No package ID 7f found for resource ID 0x7f040113.
     08-13 20:20:04.508 10700 10700 E aapt2   : No package ID 7f found for resource ID 0x7f040110.
     08-13 20:20:04.508 10700 10700 E aapt2   : No package ID 7f found for resource ID 0x7f040115.
     08-13 20:20:04.508 10700 10700 E aapt2   : No package ID 7f found for resource ID 0x7f040111.
     08-13 20:20:04.508 10700 10700 E aapt2   : No package ID 7f found for resource ID 0x7f040116.
     08-13 20:20:04.508 10700 10700 E aapt2   : No package ID 7f found for resource ID 0x7f040117.
     08-13 20:20:04.508 10700 10700 E aapt2   : No package ID 7f found for resource ID 0x7f040121.
     08-13 20:20:04.508 10700 10700 E aapt2   : No package ID 7f found for resource ID 0x7f040370.
     08-13 20:20:04.508 10700 10700 E aapt2   : No package ID 7f found for resource ID 0x7f040379.
     08-13 20:20:04.508 10700 10700 E aapt2   : No package ID 7f found for resource ID 0x7f040371.
     08-13 20:20:04.508 10700 10700 E aapt2   : No package ID 7f found for resource ID 0x7f040372.
     08-13 20:20:04.508 10700 10700 E aapt2   : No package ID 7f found for resource ID 0x7f040375.
     08-13 20:20:04.508 10700 10700 E aapt2   : No package ID 7f found for resource ID 0x7f040374.
     08-13 20:20:04.508 10700 10700 E aapt2   : No package ID 7f found for resource ID 0x7f040376.
     08-13 20:20:04.508 10700 10700 E aapt2   : No package ID 7f found for resource ID 0x7f040373.
     08-13 20:20:04.508 10700 10700 E aapt2   : No package ID 7f found for resource ID 0x7f040377.
     08-13 20:20:04.508 10700 10700 E aapt2   : No package ID 7f found for resource ID 0x7f040378.
     08-13 20:20:04.508 10700 10700 E aapt2   : No package ID 7f found for resource ID 0x7f040009.
     08-13 20:20:04.508 10700 10700 E aapt2   : No package ID 7f found for resource ID 0x7f040008.
     08-13 20:20:04.508 10700 10700 E aapt2   : No package ID 7f found for resource ID 0x7f04000a.
     08-13 20:20:04.508 10700 10700 E aapt2   : No package ID 7f found for resource ID 0x7f040021.
     08-13 20:20:04.508 10700 10700 E aapt2   : No package ID 7f found for resource ID 0x7f040022.
     08-13 20:20:04.508 10700 10700 E aapt2   : No package ID 7f found for resource ID 0x7f040004.
     08-13 20:20:04.508 10700 10700 E aapt2   : No package ID 7f found for resource ID 0x7f040007.
     08-13 20:20:04.508 10700 10700 E aapt2   : No package ID 7f found for resource ID 0x7f040006.
     08-13 20:20:04.508 10700 10700 E aapt2   : No package ID 7f found for resource ID 0x7f04000b.
     08-13 20:20:04.508 10700 10700 E aapt2   : No package ID 7f found for resource ID 0x7f04001f.
     08-13 20:20:04.508 10700 10700 E aapt2   : No package ID 7f found for resource ID 0x7f04000c.
     08-13 20:20:04.508 10700 10700 E aapt2   : No package ID 7f found for resource ID 0x7f040005.
     08-13 20:20:04.508 10700 10700 E aapt2   : No package ID 7f found for resource ID 0x7f040002.
     08-13 20:20:04.508 10700 10700 E aapt2   : No package ID 7f found for resource ID 0x7f040003.
     08-13 20:20:04.508 10700 10700 E aapt2   : No package ID 7f found for resource ID 0x7f040010.
     08-13 20:20:04.508 10700 10700 E aapt2   : No package ID 7f found for resource ID 0x7f040011.
     08-13 20:20:04.508 10700 10700 E aapt2   : No package ID 7f found for resource ID 0x7f04001e.
     08-13 20:20:04.508 10700 10700 E aapt2   : No package ID 7f found for resource ID 0x7f040013.
     08-13 20:20:04.508 10700 10700 E aapt2   : No package ID 7f found for resource ID 0x7f040012.
     08-13 20:20:04.508 10700 10700 E aapt2   : No package ID 7f found for resource ID 0x7f04001d.
     08-13 20:20:04.508 10700 10700 E aapt2   : No package ID 7f found for resource ID 0x7f040015.
     08-13 20:20:04.508 10700 10700 E aapt2   : No package ID 7f found for resource ID 0x7f040017.
     08-13 20:20:04.508 10700 10700 E aapt2   : No package ID 7f found for resource ID 0x7f040016.
     08-13 20:20:04.508 10700 10700 E aapt2   : No package ID 7f found for resource ID 0x7f040019.
     08-13 20:20:04.508 10700 10700 E aapt2   : No package ID 7f found for resource ID 0x7f04001b.
     08-13 20:20:04.508 10700 10700 E aapt2   : No package ID 7f found for resource ID 0x7f04001c.
     08-13 20:20:04.508 10700 10700 E aapt2   : No package ID 7f found for resource ID 0x7f040018.
     08-13 20:20:04.508 10700 10700 E aapt2   : No package ID 7f found for resource ID 0x7f040020.
     08-13 20:20:04.508 10700 10700 E aapt2   : No package ID 7f found for resource ID 0x7f040014.
     08-13 20:20:04.508 10700 10700 E aapt2   : No package ID 7f found for resource ID 0x7f04001a.
     08-13 20:20:04.508 10700 10700 E aapt2   : No package ID 7f found for resource ID 0x7f040313.
     08-13 20:20:04.508 10700 10700 E aapt2   : No package ID 7f found for resource ID 0x7f04031a.
     08-13 20:20:04.508 10700 10700 E aapt2   : No package ID 7f found for resource ID 0x7f040317.
     08-13 20:20:04.508 10700 10700 E aapt2   : No package ID 7f found for resource ID 0x7f040103.
     08-13 20:20:04.508 10700 10700 E aapt2   : No package ID 7f found for resource ID 0x7f040102.
     08-13 20:20:04.508 10700 10700 E aapt2   : No package ID 7f found for resource ID 0x7f0401fc.
     08-13 20:20:04.508 10700 10700 E aapt2   : No package ID 7f found for resource ID 0x7f040101.
     08-13 20:20:04.508 10700 10700 E aapt2   : No package ID 7f found for resource ID 0x7f04000e.
     08-13 20:20:04.508 10700 10700 E aapt2   : No package ID 7f found for resource ID 0x7f04011b.
     08-13 20:20:04.508 10700 10700 E aapt2   : No package ID 7f found for resource ID 0x7f0402f4.
     08-13 20:20:04.508 10700 10700 E aapt2   : No package ID 7f found for resource ID 0x7f04000d.
     08-13 20:20:04.508 10700 10700 E aapt2   : No package ID 7f found for resource ID 0x7f040067.
     08-13 20:20:04.508 10700 10700 E aapt2   : No package ID 7f found for resource ID 0x7f040063.
     08-13 20:20:04.508 10700 10700 E aapt2   : No package ID 7f found for resource ID 0x7f0402d6.
     08-13 20:20:04.508 10700 10700 E aapt2   : No package ID 7f found for resource ID 0x7f0402d7.
     08-13 20:20:04.508 10700 10700 E aapt2   : No package ID 7f found for resource ID 0x7f040055.
     08-13 20:20:04.508 10700 10700 E aapt2   : No package ID 7f found for resource ID 0x7f040108.
     08-13 20:20:04.508 10700 10700 E aapt2   : No package ID 7f found for resource ID 0x7f040106.
     08-13 20:20:04.508 10700 10700 E aapt2   : No package ID 7f found for resource ID 0x7f040026.
     08-13 20:20:04.508 10700 10700 E aapt2   : No package ID 7f found for resource ID 0x7f040347.
     08-13 20:20:04.508 10700 10700 E aapt2   : No package ID 7f found for resource ID 0x7f040346.
     08-13 20:20:04.508 10700 10700 E aapt2   : No package ID 7f found for resource ID 0x7f040291.
     08-13 20:20:04.508 10700 10700 E aapt2   : No package ID 7f found for resource ID 0x7f040293.
     08-13 20:20:04.508 10700 10700 E aapt2   : No package ID 7f found for resource ID 0x7f04011e.
     08-13 20:20:04.508 10700 10700 E aapt2   : No package ID 7f found for resource ID 0x7f04011d.
     08-13 20:20:04.508 10700 10700 E aapt2   : No package ID 7f found for resource ID 0x7f04019d.
     08-13 20:20:04.508 10700 10700 E aapt2   : No package ID 7f found for resource ID 0x7f040319.
     08-13 20:20:04.508 10700 10700 E aapt2   : No package ID 7f found for resource ID 0x7f040318.
     08-13 20:20:04.508 10700 10700 E aapt2   : No package ID 7f found for resource ID 0x7f040321.
     08-13 20:20:04.508 10700 10700 E aapt2   : No package ID 7f found for resource ID 0x7f0402d3.
     08-13 20:20:04.508 10700 10700 E aapt2   : No package ID 7f found for resource ID 0x7f040201.
     08-13 20:20:04.508 10700 10700 E aapt2   : No package ID 7f found for resource ID 0x7f040203.
     08-13 20:20:04.508 10700 10700 E aapt2   : No package ID 7f found for resource ID 0x7f040202.
     08-13 20:20:04.508 10700 10700 E aapt2   : No package ID 7f found for resource ID 0x7f040205.
     08-13 20:20:04.508 10700 10700 E aapt2   : No package ID 7f found for resource ID 0x7f040206.
     08-13 20:20:04.508 10700 10700 E aapt2   : No package ID 7f found for resource ID 0x7f040207.
     08-13 20:20:04.508 10700 10700 E aapt2   : No package ID 7f found for resource ID 0x7f040204.
     08-13 20:20:04.508 10700 10700 E aapt2   : No package ID 7f found for resource ID 0x7f04011a.
     08-13 20:20:04.508 10700 10700 E aapt2   : No package ID 7f found for resource ID 0x7f040200.
     08-13 20:20:04.508 10700 10700 E aapt2   : No package ID 7f found for resource ID 0x7f040314.
     08-13 20:20:04.508 10700 10700 E aapt2   : No package ID 7f found for resource ID 0x7f040315.
     08-13 20:20:04.508 10700 10700 E aapt2   : No package ID 7f found for resource ID 0x7f040316.
     08-13 20:20:04.508 10700 10700 E aapt2   : No package ID 7f found for resource ID 0x7f040262.
     08-13 20:20:04.508 10700 10700 E aapt2   : No package ID 7f found for resource ID 0x7f040264.
     08-13 20:20:04.508 10700 10700 E aapt2   : No package ID 7f found for resource ID 0x7f040263.
     08-13 20:20:04.508 10700 10700 E aapt2   : No package ID 7f found for resource ID 0x7f0401f9.
     08-13 20:20:04.508 10700 10700 E aapt2   : No package ID 7f found for resource ID 0x7f0400c7.
     08-13 20:20:04.508 10700 10700 E aapt2   : No package ID 7f found for resource ID 0x7f0400c8.
     08-13 20:20:04.508 10700 10700 E aapt2   : No package ID 7f found for resource ID 0x7f0400c0.
     08-13 20:20:04.508 10700 10700 E aapt2   : No package ID 7f found for resource ID 0x7f0400c5.
     08-13 20:20:04.508 10700 10700 E aapt2   : No package ID 7f found for resource ID 0x7f0400c3.
     08-13 20:20:04.508 10700 10700 E aapt2   : No package ID 7f found for resource ID 0x7f0400c4.
     08-13 20:20:04.508 10700 10700 E aapt2   : No package ID 7f found for resource ID 0x7f0400c2.
     08-13 20:20:04.508 10700 10700 E aapt2   : No package ID 7f found for resource ID 0x7f0400ca.
     08-13 20:20:04.508 10700 10700 E aapt2   : No package ID 7f found for resource ID 0x7f0400de.
     08-13 20:20:04.508 10700 10700 E aapt2   : No package ID 7f found for resource ID 0x7f0400c1.
     08-13 20:20:04.508 10700 10700 E aapt2   : No package ID 7f found for resource ID 0x7f04002b.
     08-13 20:20:04.508 10700 10700 E aapt2   : No package ID 7f found for resource ID 0x7f040029.
     08-13 20:20:04.508 10700 10700 E aapt2   : No package ID 7f found for resource ID 0x7f04002a.
     08-13 20:20:04.508 10700 10700 E aapt2   : No package ID 7f found for resource ID 0x7f04002c.
     08-13 20:20:04.508 10700 10700 E aapt2   : No package ID 7f found for resource ID 0x7f040320.
     08-13 20:20:04.508 10700 10700 E aapt2   : No package ID 7f found for resource ID 0x7f040066.
     08-13 20:20:04.508 10700 10700 E aapt2   : No package ID 7f found for resource ID 0x7f040064.
     08-13 20:20:04.508 10700 10700 E aapt2   : No package ID 7f found for resource ID 0x7f040065.
     08-13 20:20:04.508 10700 10700 E aapt2   : No package ID 7f found for resource ID 0x7f04003e.
     08-13 20:20:04.508 10700 10700 E aapt2   : No package ID 7f found for resource ID 0x7f04006d.
     08-13 20:20:04.508 10700 10700 E aapt2   : No package ID 7f found for resource ID 0x7f04006e.
     08-13 20:20:04.508 10700 10700 E aapt2   : No package ID 7f found for resource ID 0x7f0400af.
     08-13 20:20:04.508 10700 10700 E aapt2   : No package ID 7f found for resource ID 0x7f0400b0.
     08-13 20:20:04.508 10700 10700 E aapt2   : No package ID 7f found for resource ID 0x7f04011f.
     08-13 20:20:04.508 10700 10700 E aapt2   : No package ID 7f found for resource ID 0x7f04029e.
     08-13 20:20:04.508 10700 10700 E aapt2   : No package ID 7f found for resource ID 0x7f04029f.
     08-13 20:20:04.508 10700 10700 E aapt2   : No package ID 7f found for resource ID 0x7f0402a0.
     08-13 20:20:04.508 10700 10700 E aapt2   : No package ID 7f found for resource ID 0x7f0402a1.
     08-13 20:20:04.508 10700 10700 E aapt2   : No package ID 7f found for resource ID 0x7f0402d5.
     08-13 20:20:04.508 10700 10700 E aapt2   : No package ID 7f found for resource ID 0x7f0402f5.
     08-13 20:20:04.508 10700 10700 E aapt2   : No package ID 7f found for resource ID 0x7f04030c.
     08-13 20:20:04.508 10700 10700 E aapt2   : No package ID 7f found for resource ID 0x7f0401ff.
     08-13 20:20:04.508 10700 10700 E aapt2   : No package ID 7f found for resource ID 0x7f040349.
     08-13 20:20:04.508 10700 10700 E aapt2   : No package ID 7f found for resource ID 0x7f040348.
     08-13 20:20:04.508 10700 10700 E aapt2   : No package ID 7f found for resource ID 0x7f0400c6.
     08-13 20:20:04.508 10700 10700 E aapt2   : No package ID 7f found for resource ID 0x7f040361.
     08-13 20:20:04.508 10700 10700 E aapt2   : No package ID 7f found for resource ID 0x7f0401fb.
     08-13 20:20:04.508 10700 10700 E aapt2   : No package ID 7f found for resource ID 0x7f0401fa.
     08-13 20:20:04.508 10700 10700 E aapt2   : No package ID 7f found for resource ID 0x7f0402b2.
     08-13 20:20:04.508 10700 10700 E aapt2   : No package ID 7f found for resource ID 0x7f04002d.
     08-13 20:20:04.508 10700 10700 E aapt2   : No package ID 7f found for resource ID 0x7f04029d.
     08-13 20:20:04.508 10700 10700 E aapt2   : No package ID 7f found for resource ID 0x7f0402db.
     08-13 20:20:04.508 10700 10700 E aapt2   : No package ID 7f found for resource ID 0x7f040076.
     08-13 20:20:04.508 10700 10700 E aapt2   : No package ID 7f found for resource ID 0x7f04007a.
     08-13 20:20:04.508 10700 10700 E aapt2   : No package ID 7f found for resource ID 0x7f040079.
     08-13 20:20:04.508 10700 10700 E aapt2   : No package ID 7f found for resource ID 0x7f040078.
     08-13 20:20:04.508 10700 10700 E aapt2   : No package ID 7f found for resource ID 0x7f040077.
     08-13 20:20:04.508 10700 10700 E aapt2   : No package ID 7f found for resource ID 0x7f040074.
     08-13 20:20:04.508 10700 10700 E aapt2   : No package ID 7f found for resource ID 0x7f04007c.
     08-13 20:20:04.508 10700 10700 E aapt2   : No package ID 7f found for resource ID 0x7f04007b.
     08-13 20:20:04.508 10700 10700 E aapt2   : No package ID 7f found for resource ID 0x7f04007d.
     08-13 20:20:04.508 10700 10700 E aapt2   : No package ID 7f found for resource ID 0x7f040075.
     08-13 20:20:04.508 10700 10700 E aapt2   : No package ID 7f found for resource ID 0x7f040088.
     08-13 20:20:04.508 10700 10700 E aapt2   : No package ID 7f found for resource ID 0x7f04008c.
     08-13 20:20:04.508 10700 10700 E aapt2   : No package ID 7f found for resource ID 0x7f0400a0.
     08-13 20:20:04.508 10700 10700 E aapt2   : No package ID 7f found for resource ID 0x7f0400a2.
     08-13 20:20:04.508 10700 10700 E aapt2   : No package ID 7f found for resource ID 0x7f04009f.
     08-13 20:20:04.508 10700 10700 E aapt2   : No package ID 7f found for resource ID 0x7f0400a1.
     08-13 20:20:04.508 10700 10700 E aapt2   : No package ID 7f found for resource ID 0x7f0400a4.
     08-13 20:20:04.508 10700 10700 E aapt2   : No package ID 7f found for resource ID 0x7f0400a3.
     08-13 20:20:04.508 10700 10700 E aapt2   : No package ID 7f found for resource ID 0x7f04008e.
     08-13 20:20:04.508 10700 10700 E aapt2   : No package ID 7f found for resource ID 0x7f04009c.
     08-13 20:20:04.508 10700 10700 E aapt2   : No package ID 7f found for resource ID 0x7f04009b.
     08-13 20:20:04.508 10700 10700 E aapt2   : No package ID 7f found for resource ID 0x7f0400a8.
     08-13 20:20:04.508 10700 10700 E aapt2   : No package ID 7f found for resource ID 0x7f0400a7.
     08-13 20:20:04.508 10700 10700 E aapt2   : No package ID 7f found for resource ID 0x7f0400a6.
     08-13 20:20:04.508 10700 10700 E aapt2   : No package ID 7f found for resource ID 0x7f04009e.
     08-13 20:20:04.508 10700 10700 E aapt2   : No package ID 7f found for resource ID 0x7f040092.
     08-13 20:20:04.508 10700 10700 E aapt2   : No package ID 7f found for resource ID 0x7f04009a.
     08-13 20:20:04.508 10700 10700 E aapt2   : No package ID 7f found for resource ID 0x7f04008b.
     08-13 20:20:04.508 10700 10700 E aapt2   : No package ID 7f found for resource ID 0x7f04007e.
     08-13 20:20:04.508 10700 10700 E aapt2   : No package ID 7f found for resource ID 0x7f040082.
     08-13 20:20:04.508 10700 10700 E aapt2   : No package ID 7f found for resource ID 0x7f040084.
     08-13 20:20:04.508 10700 10700 E aapt2   : No package ID 7f found for resource ID 0x7f040083.
     08-13 20:20:04.508 10700 10700 E aapt2   : No package ID 7f found for resource ID 0x7f040081.
     08-13 20:20:04.508 10700 10700 E aapt2   : No package ID 7f found for resource ID 0x7f04007f.
     08-13 20:20:04.508 10700 10700 E aapt2   : No package ID 7f found for resource ID 0x7f040097.
     08-13 20:20:04.508 10700 10700 E aapt2   : No package ID 7f found for resource ID 0x7f040080.
     08-13 20:20:04.508 10700 10700 E aapt2   : No package ID 7f found for resource ID 0x7f04008d.
     08-13 20:20:04.508 10700 10700 E aapt2   : No package ID 7f found for resource ID 0x7f040086.
     08-13 20:20:04.508 10700 10700 E aapt2   : No package ID 7f found for resource ID 0x7f040087.
     08-13 20:20:04.508 10700 10700 E aapt2   : No package ID 7f found for resource ID 0x7f04008a.
     08-13 20:20:04.508 10700 10700 E aapt2   : No package ID 7f found for resource ID 0x7f040089.
     08-13 20:20:04.508 10700 10700 E aapt2   : No package ID 7f found for resource ID 0x7f0400aa.
     08-13 20:20:04.508 10700 10700 E aapt2   : No package ID 7f found for resource ID 0x7f040091.
     08-13 20:20:04.508 10700 10700 E aapt2   : No package ID 7f found for resource ID 0x7f0400a5.
     08-13 20:20:04.508 10700 10700 E aapt2   : No package ID 7f found for resource ID 0x7f0400a9.
     08-13 20:20:04.508 10700 10700 E aapt2   : No package ID 7f found for resource ID 0x7f040085.
     08-13 20:20:04.508 10700 10700 E aapt2   : No package ID 7f found for resource ID 0x7f04009d.
     08-13 20:20:04.508 10700 10700 E aapt2   : No package ID 7f found for resource ID 0x7f040098.
     08-13 20:20:04.508 10700 10700 E aapt2   : No package ID 7f found for resource ID 0x7f040095.
     08-13 20:20:04.508 10700 10700 E aapt2   : No package ID 7f found for resource ID 0x7f040094.
     08-13 20:20:04.508 10700 10700 E aapt2   : No package ID 7f found for resource ID 0x7f040096.
     08-13 20:20:04.508 10700 10700 E aapt2   : No package ID 7f found for resource ID 0x7f0400ac.
     08-13 20:20:04.508 10700 10700 E aapt2   : No package ID 7f found for resource ID 0x7f0400ad.
     08-13 20:20:04.508 10700 10700 E aapt2   : No package ID 7f found for resource ID 0x7f0400ae.
     08-13 20:20:04.508 10700 10700 E aapt2   : No package ID 7f found for resource ID 0x7f04002e.
     08-13 20:20:04.508 10700 10700 E aapt2   : No package ID 7f found for resource ID 0x7f0401b3.
     08-13 20:20:04.508 10700 10700 E aapt2   : No package ID 7f found for resource ID 0x7f040068.
     08-13 20:20:04.508 10700 10700 E aapt2   : No package ID 7f found for resource ID 0x7f04006f.
     08-13 20:20:04.508 10700 10700 E aapt2   : No package ID 7f found for resource ID 0x7f040070.
     08-13 20:20:04.508 10700 10700 E aapt2   : No package ID 7f found for resource ID 0x7f040366.
     08-13 20:20:04.508 10700 10700 E aapt2   : No package ID 7f found for resource ID 0x7f040273.
     08-13 20:20:04.508 10700 10700 E aapt2   : No package ID 7f found for resource ID 0x7f040352.
     08-13 20:20:04.508 10700 10700 E aapt2   : No package ID 7f found for resource ID 0x7f0401e2.
     08-13 20:20:04.508 10700 10700 E aapt2   : No package ID 7f found for resource ID 0x7f0401cb.
     08-13 20:20:04.508 10700 10700 E aapt2   : No package ID 7f found for resource ID 0x7f0401c2.
     08-13 20:20:04.508 10700 10700 E aapt2   : No package ID 7f found for resource ID 0x7f0401c4.
     08-13 20:20:04.508 10700 10700 E aapt2   : No package ID 7f found for resource ID 0x7f0401c3.
     08-13 20:20:04.508 10700 10700 E aapt2   : No package ID 7f found for resource ID 0x7f0401c8.
     08-13 20:20:04.508 10700 10700 E aapt2   : No package ID 7f found for resource ID 0x7f0401c9.
     08-13 20:20:04.508 10700 10700 E aapt2   : No package ID 7f found for resource ID 0x7f0401ca.
     08-13 20:20:04.508 10700 10700 E aapt2   : No package ID 7f found for resource ID 0x7f04018a.
     08-13 20:20:04.508 10700 10700 E aapt2   : No package ID 7f found for resource ID 0x7f0401d4.
     08-13 20:20:04.508 10700 10700 E aapt2   : No package ID 7f found for resource ID 0x7f0401d5.
     08-13 20:20:04.508 10700 10700 E aapt2   : No package ID 7f found for resource ID 0x7f0401d7.
     08-13 20:20:04.508 10700 10700 E aapt2   : No package ID 7f found for resource ID 0x7f0401d8.
     08-13 20:20:04.508 10700 10700 E aapt2   : No package ID 7f found for resource ID 0x7f0401de.
     08-13 20:20:04.508 10700 10700 E aapt2   : No package ID 7f found for resource ID 0x7f0401dd.
     08-13 20:20:04.508 10700 10700 E aapt2   : No package ID 7f found for resource ID 0x7f0401c1.
     08-13 20:20:04.508 10700 10700 E aapt2   : No package ID 7f found for resource ID 0x7f0401c0.
     08-13 20:20:04.508 10700 10700 E aapt2   : No package ID 7f found for resource ID 0x7f0401bc.
     08-13 20:20:04.509 10700 10700 E aapt2   : No package ID 7f found for resource ID 0x7f0401be.
     08-13 20:20:04.509 10700 10700 E aapt2   : No package ID 7f found for resource ID 0x7f0401bd.
     08-13 20:20:04.509 10700 10700 E aapt2   : No package ID 7f found for resource ID 0x7f0401d9.
     08-13 20:20:04.509 10700 10700 E aapt2   : No package ID 7f found for resource ID 0x7f0401da.
     08-13 20:20:04.509 10700 10700 E aapt2   : No package ID 7f found for resource ID 0x7f0401c7.
     08-13 20:20:04.509 10700 10700 E aapt2   : No package ID 7f found for resource ID 0x7f0401c6.
     08-13 20:20:04.509 10700 10700 E aapt2   : No package ID 7f found for resource ID 0x7f0401ec.
     08-13 20:20:04.509 10700 10700 E aapt2   : No package ID 7f found for resource ID 0x7f0401ef.
     08-13 20:20:04.509 10700 10700 E aapt2   : No package ID 7f found for resource ID 0x7f0401ed.
     08-13 20:20:04.509 10700 10700 E aapt2   : No package ID 7f found for resource ID 0x7f0401ea.
     08-13 20:20:04.509 10700 10700 E aapt2   : No package ID 7f found for resource ID 0x7f0401ee.
     08-13 20:20:04.509 10700 10700 E aapt2   : No package ID 7f found for resource ID 0x7f0401eb.
     08-13 20:20:04.509 10700 10700 E aapt2   : No package ID 7f found for resource ID 0x7f0401e9.
     08-13 20:20:04.509 10700 10700 E aapt2   : No package ID 7f found for resource ID 0x7f0401f0.
     08-13 20:20:04.509 10700 10700 E aapt2   : No package ID 7f found for resource ID 0x7f0401ba.
     08-13 20:20:04.509 10700 10700 E aapt2   : No package ID 7f found for resource ID 0x7f0401b9.
     08-13 20:20:04.509 10700 10700 E aapt2   : No package ID 7f found for resource ID 0x7f0401d0.
     08-13 20:20:04.509 10700 10700 E aapt2   : No package ID 7f found for resource ID 0x7f0401df.
     08-13 20:20:04.509 10700 10700 E aapt2   : No package ID 7f found for resource ID 0x7f0401e3.
     08-13 20:20:04.509 10700 10700 E aapt2   : No package ID 7f found for resource ID 0x7f0401cc.
     08-13 20:20:04.509 10700 10700 E aapt2   : No package ID 7f found for resource ID 0x7f0401e5.
     08-13 20:20:04.509 10700 10700 E aapt2   : No package ID 7f found for resource ID 0x7f0401e4.
     08-13 20:20:04.509 10700 10700 E aapt2   : No package ID 7f found for resource ID 0x7f0401e6.
     08-13 20:20:04.509 10700 10700 E aapt2   : No package ID 7f found for resource ID 0x7f0401ce.
     08-13 20:20:04.509 10700 10700 E aapt2   : No package ID 7f found for resource ID 0x7f0401cd.
     08-13 20:20:04.509 10700 10700 E aapt2   : No package ID 7f found for resource ID 0x7f0401cf.
     08-13 20:20:04.509 10700 10700 E aapt2   : No package ID 7f found for resource ID 0x7f0401d3.
     08-13 20:20:04.509 10700 10700 E aapt2   : No package ID 7f found for resource ID 0x7f0401dc.
     08-13 20:20:04.509 10700 10700 E aapt2   : No package ID 7f found for resource ID 0x7f0401d6.
     08-13 20:20:04.509 10700 10700 E aapt2   : No package ID 7f found for resource ID 0x7f0401bf.
     08-13 20:20:04.509 10700 10700 E aapt2   : No package ID 7f found for resource ID 0x7f0401bb.
     08-13 20:20:04.509 10700 10700 E aapt2   : No package ID 7f found for resource ID 0x7f0401c5.
     08-13 20:20:04.509 10700 10700 E aapt2   : No package ID 7f found for resource ID 0x7f0401d2.
     08-13 20:20:04.509 10700 10700 E aapt2   : No package ID 7f found for resource ID 0x7f0401e1.
     08-13 20:20:04.509 10700 10700 E aapt2   : No package ID 7f found for resource ID 0x7f0401d1.
     08-13 20:20:04.509 10700 10700 E aapt2   : No package ID 7f found for resource ID 0x7f0401e0.
     08-13 20:20:04.509 10700 10700 E aapt2   : No package ID 7f found for resource ID 0x7f0401e7.
     08-13 20:20:04.509 10700 10700 E aapt2   : No package ID 7f found for resource ID 0x7f0401e8.
     08-13 20:20:04.509 10700 10700 E aapt2   : No package ID 7f found for resource ID 0x7f0401f3.
     08-13 20:20:04.509 10700 10700 E aapt2   : No package ID 7f found for resource ID 0x7f04004f.
     08-13 20:20:04.509 10700 10700 E aapt2   : No package ID 7f found for resource ID 0x7f040050.
     08-13 20:20:04.509 10700 10700 E aapt2   : No package ID 7f found for resource ID 0x7f0400d2.
     08-13 20:20:04.509 10700 10700 E aapt2   : No package ID 7f found for resource ID 0x7f0400d3.
     08-13 20:20:04.509 10700 10700 E aapt2   : No package ID 7f found for resource ID 0x7f04004e.
     08-13 20:20:04.509 10700 10700 E aapt2   : No package ID 7f found for resource ID 0x7f0400ab.
     08-13 20:20:04.509 10700 10700 E aapt2   : No package ID 7f found for resource ID 0x7f040136.
     08-13 20:20:04.509 10700 10700 E aapt2   : No package ID 7f found for resource ID 0x7f040140.
     08-13 20:20:04.509 10700 10700 E aapt2   : No package ID 7f found for resource ID 0x7f04013d.
     08-13 20:20:04.509 10700 10700 E aapt2   : No package ID 7f found for resource ID 0x7f040133.
     08-13 20:20:04.509 10700 10700 E aapt2   : No package ID 7f found for resource ID 0x7f04013e.
     08-13 20:20:04.509 10700 10700 E aapt2   : No package ID 7f found for resource ID 0x7f040134.
     08-13 20:20:04.509 10700 10700 E aapt2   : No package ID 7f found for resource ID 0x7f040141.
     08-13 20:20:04.509 10700 10700 E aapt2   : No package ID 7f found for resource ID 0x7f04013b.
     08-13 20:20:04.509 10700 10700 E aapt2   : No package ID 7f found for resource ID 0x7f040135.
     08-13 20:20:04.509 10700 10700 E aapt2   : No package ID 7f found for resource ID 0x7f04013f.
     08-13 20:20:04.509 10700 10700 E aapt2   : No package ID 7f found for resource ID 0x7f040130.
     08-13 20:20:04.509 10700 10700 E aapt2   : No package ID 7f found for resource ID 0x7f040132.
     08-13 20:20:04.509 10700 10700 E aapt2   : No package ID 7f found for resource ID 0x7f04012f.
     08-13 20:20:04.509 10700 10700 E aapt2   : No package ID 7f found for resource ID 0x7f040131.
     08-13 20:20:04.509 10700 10700 E aapt2   : No package ID 7f found for resource ID 0x7f040138.
     08-13 20:20:04.509 10700 10700 E aapt2   : No package ID 7f found for resource ID 0x7f04013a.
     08-13 20:20:04.509 10700 10700 E aapt2   : No package ID 7f found for resource ID 0x7f040137.
     08-13 20:20:04.509 10700 10700 E aapt2   : No package ID 7f found for resource ID 0x7f040139.
     08-13 20:20:04.509 10700 10700 E aapt2   : No package ID 7f found for resource ID 0x7f040032.
     08-13 20:20:04.509 10700 10700 E aapt2   : No package ID 7f found for resource ID 0x7f040031.
     08-13 20:20:04.509 10700 10700 E aapt2   : No package ID 7f found for resource ID 0x7f040354.
     08-13 20:20:04.509 10700 10700 E aapt2   : No package ID 7f found for resource ID 0x7f040265.
     08-13 20:20:04.509 10700 10700 E aapt2   : No package ID 7f found for resource ID 0x7f040290.
     08-13 20:20:04.509 10700 10700 E aapt2   : No package ID 7f found for resource ID 0x7f040356.
     08-13 20:20:04.509 10700 10700 E aapt2   : No package ID 7f found for resource ID 0x7f04010f.
     08-13 20:20:04.509 10700 10700 E aapt2   : No package ID 7f found for resource ID 0x7f040237.
     08-13 20:20:04.509 10700 10700 E aapt2   : No package ID 7f found for resource ID 0x7f0401db.
     08-13 20:20:04.509 10700 10700 E aapt2   : No package ID 7f found for resource ID 0x7f040238.
     08-13 20:20:04.509 10700 10700 E aapt2   : No package ID 7f found for resource ID 0x7f04029a.
     08-13 20:20:04.509 10700 10700 E aapt2   : No package ID 7f found for resource ID 0x7f040299.
     08-13 20:20:04.509 10700 10700 E aapt2   : No package ID 7f found for resource ID 0x7f040298.
     08-13 20:20:04.509 10700 10700 E aapt2   : No package ID 7f found for resource ID 0x7f0401f1.
     08-13 20:20:04.509 10700 10700 E aapt2   : No package ID 7f found for resource ID 0x7f0401b6.
     08-13 20:20:04.509 10700 10700 E aapt2   : No package ID 7f found for resource ID 0x7f0400cf.
     08-13 20:20:04.509 10700 10700 E aapt2   : No package ID 7f found for resource ID 0x7f0400b6.
     08-13 20:20:04.509 10700 10700 E aapt2   : No package ID 7f found for resource ID 0x7f0400b3.
     08-13 20:20:04.509 10700 10700 E aapt2   : No package ID 7f found for resource ID 0x7f0400b7.
     08-13 20:20:04.509 10700 10700 E aapt2   : No package ID 7f found for resource ID 0x7f0400b5.
     08-13 20:20:04.509 10700 10700 E aapt2   : No package ID 7f found for resource ID 0x7f0400b4.
     08-13 20:20:04.509 10700 10700 E aapt2   : No package ID 7f found for resource ID 0x7f0402a5.
     08-13 20:20:04.509 10700 10700 E aapt2   : No package ID 7f found for resource ID 0x7f0402a2.
     08-13 20:20:04.509 10700 10700 E aapt2   : No package ID 7f found for resource ID 0x7f0402a3.
     08-13 20:20:04.509 10700 10700 E aapt2   : No package ID 7f found for resource ID 0x7f0402a4.
     08-13 20:20:04.509 10700 10700 E aapt2   : No package ID 7f found for resource ID 0x7f040274.
     08-13 20:20:04.509 10700 10700 E aapt2   : No package ID 7f found for resource ID 0x7f0400d5.
     08-13 20:20:04.509 10700 10700 E aapt2   : No package ID 7f found for resource ID 0x7f040239.
     08-13 20:20:04.509 10700 10700 E aapt2   : No package ID 7f found for resource ID 0x7f0400fc.
     08-13 20:20:04.509 10700 10700 E aapt2   : No package ID 7f found for resource ID 0x7f0400ce.
     08-13 20:20:04.509 10700 10700 E aapt2   : No package ID 7f found for resource ID 0x7f04003c.
     08-13 20:20:04.509 10700 10700 E aapt2   : No package ID 7f found for resource ID 0x7f040223.
     08-13 20:20:04.509 10700 10700 E aapt2   : No package ID 7f found for resource ID 0x7f0400e5.
     08-13 20:20:04.509 10700 10700 E aapt2   : No package ID 7f found for resource ID 0x7f0400e4.
     08-13 20:20:04.509 10700 10700 E aapt2   : No package ID 7f found for resource ID 0x7f0400e8.
     08-13 20:20:04.509 10700 10700 E aapt2   : No package ID 7f found for resource ID 0x7f0400e7.
     08-13 20:20:04.509 10700 10700 E aapt2   : No package ID 7f found for resource ID 0x7f0400ec.
     08-13 20:20:04.509 10700 10700 E aapt2   : No package ID 7f found for resource ID 0x7f0400e6.
     08-13 20:20:04.509 10700 10700 E aapt2   : No package ID 7f found for resource ID 0x7f0400ea.
     08-13 20:20:04.509 10700 10700 E aapt2   : No package ID 7f found for resource ID 0x7f0400e3.
     08-13 20:20:04.509 10700 10700 E aapt2   : No package ID 7f found for resource ID 0x7f0400eb.
     08-13 20:20:04.509 10700 10700 E aapt2   : No package ID 7f found for resource ID 0x7f040093.
     08-13 20:20:04.509 10700 10700 E aapt2   : No package ID 7f found for resource ID 0x7f040099.
     08-13 20:20:04.509 10700 10700 E aapt2   : No package ID 7f found for resource ID 0x7f04008f.
     08-13 20:20:04.509 10700 10700 E aapt2   : No package ID 7f found for resource ID 0x7f04004d.
     08-13 20:20:04.509 10700 10700 E aapt2   : No package ID 7f found for resource ID 0x7f04004c.
     08-13 20:20:04.509 10700 10700 E aapt2   : No package ID 7f found for resource ID 0x7f04034e.
     08-13 20:20:04.509 10700 10700 E aapt2   : No package ID 7f found for resource ID 0x7f040028.
     08-13 20:20:04.509 10700 10700 E aapt2   : No package ID 7f found for resource ID 0x7f0402cb.
     08-13 20:20:04.509 10700 10700 E aapt2   : No package ID 7f found for resource ID 0x7f0402c8.
     08-13 20:20:04.509 10700 10700 E aapt2   : No package ID 7f found for resource ID 0x7f0402c9.
     08-13 20:20:04.509 10700 10700 E aapt2   : No package ID 7f found for resource ID 0x7f0402ca.
     08-13 20:20:04.509 10700 10700 E aapt2   : No package ID 7f found for resource ID 0x7f04028e.
     08-13 20:20:04.509 10700 10700 E aapt2   : No package ID 7f found for resource ID 0x7f0402c7.
     08-13 20:20:04.509 10700 10700 E aapt2   : No package ID 7f found for resource ID 0x7f040062.
     08-13 20:20:04.509 10700 10700 E aapt2   : No package ID 7f found for resource ID 0x7f04035b.
     08-13 20:20:04.509 10700 10700 E aapt2   : No package ID 7f found for resource ID 0x7f040027.
     08-13 20:20:04.509 10700 10700 E aapt2   : No package ID 7f found for resource ID 0x7f04028d.
     08-13 20:20:04.509 10700 10700 E aapt2   : No package ID 7f found for resource ID 0x7f0400bf.
     08-13 20:20:04.509 10700 10700 E aapt2   : No package ID 7f found for resource ID 0x7f0402f3.
     08-13 20:20:04.509 10700 10700 E aapt2   : No package ID 7f found for resource ID 0x7f040114.
     08-13 20:20:04.509 10700 10700 E aapt2   : No package ID 7f found for resource ID 0x7f040155.
     08-13 20:20:04.509 10700 10700 E aapt2   : No package ID 7f found for resource ID 0x7f040038.
     08-13 20:20:04.509 10700 10700 E aapt2   : No package ID 7f found for resource ID 0x7f04003a.
     08-13 20:20:04.509 10700 10700 E aapt2   : No package ID 7f found for resource ID 0x7f04004b.
     08-13 20:20:04.509 10700 10700 E aapt2   : No package ID 7f found for resource ID 0x7f04032d.
     08-13 20:20:04.509 10700 10700 E aapt2   : No package ID 7f found for resource ID 0x7f040148.
     08-13 20:20:04.509 10700 10700 E aapt2   : No package ID 7f found for resource ID 0x7f04014c.
     08-13 20:20:04.509 10700 10700 E aapt2   : No package ID 7f found for resource ID 0x7f04014d.
     08-13 20:20:04.509 10700 10700 E aapt2   : No package ID 7f found for resource ID 0x7f040149.
     08-13 20:20:04.509 10700 10700 E aapt2   : No package ID 7f found for resource ID 0x7f04014a.
     08-13 20:20:04.509 10700 10700 E aapt2   : No package ID 7f found for resource ID 0x7f04014b.
     08-13 20:20:04.509 10700 10700 E aapt2   : No package ID 7f found for resource ID 0x7f04014e.
     08-13 20:20:04.509 10700 10700 E aapt2   : No package ID 7f found for resource ID 0x7f04014f.
     08-13 20:20:04.509 10700 10700 E aapt2   : No package ID 7f found for resource ID 0x7f040146.
     08-13 20:20:04.509 10700 10700 E aapt2   : No package ID 7f found for resource ID 0x7f040151.
     08-13 20:20:04.509 10700 10700 E aapt2   : No package ID 7f found for resource ID 0x7f040150.
     08-13 20:20:04.509 10700 10700 E aapt2   : No package ID 7f found for resource ID 0x7f04035a.
     08-13 20:20:04.509 10700 10700 E aapt2   : No package ID 7f found for resource ID 0x7f040052.
     08-13 20:20:04.509 10700 10700 E aapt2   : No package ID 7f found for resource ID 0x7f040030.
     08-13 20:20:04.509 10700 10700 E aapt2   : No package ID 7f found for resource ID 0x7f0402c4.
     08-13 20:20:04.509 10700 10700 E aapt2   : No package ID 7f found for resource ID 0x7f040056.
     08-13 20:20:04.509 10700 10700 E aapt2   : No package ID 7f found for resource ID 0x7f040369.
     08-13 20:20:04.509 10700 10700 E aapt2   : No package ID 7f found for resource ID 0x7f0400dd.
     08-13 20:20:04.509 10700 10700 E aapt2   : No package ID 7f found for resource ID 0x7f0400e0.
     08-13 20:20:04.509 10700 10700 E aapt2   : No package ID 7f found for resource ID 0x7f0402ba.
     08-13 20:20:04.509 10700 10700 E aapt2   : No package ID 7f found for resource ID 0x7f04025a.
     08-13 20:20:04.509 10700 10700 E aapt2   : No package ID 7f found for resource ID 0x7f0402bb.
     08-13 20:20:04.509 10700 10700 E aapt2   : No package ID 7f found for resource ID 0x7f0401a4.
     08-13 20:20:04.509 10700 10700 E aapt2   : No package ID 7f found for resource ID 0x7f0401a5.
     08-13 20:20:04.509 10700 10700 E aapt2   : No package ID 7f found for resource ID 0x7f0401a7.
     08-13 20:20:04.509 10700 10700 E aapt2   : No package ID 7f found for resource ID 0x7f0401a6.
     08-13 20:20:04.509 10700 10700 E aapt2   : No package ID 7f found for resource ID 0x7f040152.
     08-13 20:20:04.509 10700 10700 E aapt2   : No package ID 7f found for resource ID 0x7f040239.
     08-13 20:20:04.509 10700 10700 E aapt2   : No package ID 7f found for resource ID 0x7f0400e2.
     08-13 20:20:04.509 10700 10700 E aapt2   : No package ID 7f found for resource ID 0x7f040352.
     08-13 20:20:04.509 10700 10700 E aapt2   : No package ID 7f found for resource ID 0x7f040239.
     08-13 20:20:04.509 10700 10700 E aapt2   : No package ID 7f found for resource ID 0x7f04036e.
     08-13 20:20:04.509 10700 10700 E aapt2   : No package ID 7f found for resource ID 0x7f04036d.
     08-13 20:20:04.509 10700 10700 E aapt2   : No package ID 7f found for resource ID 0x7f04036c.
     08-13 20:20:04.509 10700 10700 E aapt2   : No package ID 7f found for resource ID 0x7f04036b.
     08-13 20:20:04.509 10700 10700 E aapt2   : No package ID 7f found for resource ID 0x7f04036f.
     08-13 20:20:04.509 10700 10700 E aapt2   : No package ID 7f found for resource ID 0x7f0401b2.
     08-13 20:20:04.509 10700 10700 E aapt2   : No package ID 7f found for resource ID 0x7f04026b.
     08-13 20:20:04.509 10700 10700 E aapt2   : No package ID 7f found for resource ID 0x7f04026c.
     08-13 20:20:04.509 10700 10700 E aapt2   : No package ID 7f found for resource ID 0x7f04026a.
     08-13 20:20:04.510 10700 10700 E aapt2   : No package ID 7f found for resource ID 0x7f040269.
     08-13 20:20:04.510 10700 10700 E aapt2   : No package ID 7f found for resource ID 0x7f040239.
     08-13 20:20:04.510 10700 10700 E aapt2   : No package ID 7f found for resource ID 0x7f0402ef.
     08-13 20:20:04.510 10700 10700 E aapt2   : No package ID 7f found for resource ID 0x7f040239.
     08-13 20:20:04.510 10700 10700 E aapt2   : No package ID 7f found for resource ID 0x7f04036a.
     08-13 20:20:04.510 10700 10700 E aapt2   : No package ID 7f found for resource ID 0x7f040239.
     08-13 20:20:04.510 10700 10700 E aapt2   : No package ID 7f found for resource ID 0x7f040358.
     08-13 20:20:04.510 10700 10700 E aapt2   : No package ID 7f found for resource ID 0x7f040249.
     08-13 20:20:04.510 10700 10700 E aapt2   : No package ID 7f found for resource ID 0x7f04024a.
     08-13 20:20:04.510 10700 10700 E aapt2   : No package ID 7f found for resource ID 0x7f040247.
     08-13 20:20:04.510 10700 10700 E aapt2   : No package ID 7f found for resource ID 0x7f040364.
     08-13 20:20:04.510 10700 10700 E aapt2   : No package ID 7f found for resource ID 0x7f040365.
     08-13 20:20:04.510 10700 10700 E aapt2   : No package ID 7f found for resource ID 0x7f040363.
     08-13 20:20:04.510 10700 10700 E aapt2   : No package ID 7f found for resource ID 0x7f040359.
     08-13 20:20:04.510 10700 10700 E aapt2   : No package ID 7f found for resource ID 0x7f040357.
     08-13 20:20:04.510 10700 10700 E aapt2   : No package ID 7f found for resource ID 0x7f04023a.
     08-13 20:20:04.510 10700 10700 E aapt2   : No package ID 7f found for resource ID 0x7f04023b.
     08-13 20:20:04.510 10700 10700 E aapt2   : No package ID 7f found for resource ID 0x7f0401e2.
     08-13 20:20:04.510 10700 10700 E aapt2   : No package ID 7f found for resource ID 0x7f0401cb.
     08-13 20:20:04.510 10700 10700 E aapt2   : No package ID 7f found for resource ID 0x7f0401c2.
     08-13 20:20:04.510 10700 10700 E aapt2   : No package ID 7f found for resource ID 0x7f0401c4.
     08-13 20:20:04.510 10700 10700 E aapt2   : No package ID 7f found for resource ID 0x7f0401c3.
     08-13 20:20:04.510 10700 10700 E aapt2   : No package ID 7f found for resource ID 0x7f0401c8.
     08-13 20:20:04.510 10700 10700 E aapt2   : No package ID 7f found for resource ID 0x7f0401c9.
     08-13 20:20:04.510 10700 10700 E aapt2   : No package ID 7f found for resource ID 0x7f0401ca.
     08-13 20:20:04.510 10700 10700 E aapt2   : No package ID 7f found for resource ID 0x7f04018a.
     08-13 20:20:04.510 10700 10700 E aapt2   : No package ID 7f found for resource ID 0x7f0401d4.
     08-13 20:20:04.510 10700 10700 E aapt2   : No package ID 7f found for resource ID 0x7f0401d5.
     08-13 20:20:04.510 10700 10700 E aapt2   : No package ID 7f found for resource ID 0x7f0401d7.
     08-13 20:20:04.510 10700 10700 E aapt2   : No package ID 7f found for resource ID 0x7f0401d8.
     08-13 20:20:04.510 10700 10700 E aapt2   : No package ID 7f found for resource ID 0x7f0401de.
     08-13 20:20:04.510 10700 10700 E aapt2   : No package ID 7f found for resource ID 0x7f0401dd.
     08-13 20:20:04.510 10700 10700 E aapt2   : No package ID 7f found for resource ID 0x7f0401c1.
     08-13 20:20:04.510 10700 10700 E aapt2   : No package ID 7f found for resource ID 0x7f0401c0.
     08-13 20:20:04.510 10700 10700 E aapt2   : No package ID 7f found for resource ID 0x7f0401bc.
     08-13 20:20:04.510 10700 10700 E aapt2   : No package ID 7f found for resource ID 0x7f0401be.
     08-13 20:20:04.510 10700 10700 E aapt2   : No package ID 7f found for resource ID 0x7f0401bd.
     08-13 20:20:04.510 10700 10700 E aapt2   : No package ID 7f found for resource ID 0x7f0401d9.
     08-13 20:20:04.510 10700 10700 E aapt2   : No package ID 7f found for resource ID 0x7f0401da.
     08-13 20:20:04.510 10700 10700 E aapt2   : No package ID 7f found for resource ID 0x7f0401c7.
     08-13 20:20:04.510 10700 10700 E aapt2   : No package ID 7f found for resource ID 0x7f0401c6.
     08-13 20:20:04.510 10700 10700 E aapt2   : No package ID 7f found for resource ID 0x7f0401ec.
     08-13 20:20:04.510 10700 10700 E aapt2   : No package ID 7f found for resource ID 0x7f0401e6.
     08-13 20:20:04.510 10700 10700 E aapt2   : No package ID 7f found for resource ID 0x7f04020d.
     08-13 20:20:04.510 10700 10700 E aapt2   : No package ID 7f found for resource ID 0x7f04020f.
     08-13 20:20:04.510 10700 10700 E aapt2   : No package ID 7f found for resource ID 0x7f040224.
     08-13 20:20:04.510 10700 10700 E aapt2   : No package ID 7f found for resource ID 0x7f040225.
     08-13 20:20:04.510 10700 10700 E aapt2   : No package ID 7f found for resource ID 0x7f040187.
     08-13 20:20:04.510 10700 10700 E aapt2   : No package ID 7f found for resource ID 0x7f040181.
     08-13 20:20:04.510 10700 10700 E aapt2   : No package ID 7f found for resource ID 0x7f040184.
     08-13 20:20:04.510 10700 10700 E aapt2   : No package ID 7f found for resource ID 0x7f040188.
     08-13 20:20:04.510 10700 10700 E aapt2   : No package ID 7f found for resource ID 0x7f04017e.
     08-13 20:20:04.510 10700 10700 E aapt2   : No package ID 7f found for resource ID 0x7f040182.
     08-13 20:20:04.510 10700 10700 E aapt2   : No package ID 7f found for resource ID 0x7f040183.
     08-13 20:20:04.510 10700 10700 E aapt2   : No package ID 7f found for resource ID 0x7f040158.
     08-13 20:20:04.510 10700 10700 E aapt2   : No package ID 7f found for resource ID 0x7f04015c.
     08-13 20:20:04.510 10700 10700 E aapt2   : No package ID 7f found for resource ID 0x7f040159.
     08-13 20:20:04.510 10700 10700 E aapt2   : No package ID 7f found for resource ID 0x7f040157.
     08-13 20:20:04.510 10700 10700 E aapt2   : No package ID 7f found for resource ID 0x7f04015b.
     08-13 20:20:04.510 10700 10700 E aapt2   : No package ID 7f found for resource ID 0x7f040178.
     08-13 20:20:04.510 10700 10700 E aapt2   : No package ID 7f found for resource ID 0x7f040175.
     08-13 20:20:04.510 10700 10700 E aapt2   : No package ID 7f found for resource ID 0x7f040172.
     08-13 20:20:04.510 10700 10700 E aapt2   : No package ID 7f found for resource ID 0x7f040173.
     08-13 20:20:04.510 10700 10700 E aapt2   : No package ID 7f found for resource ID 0x7f040177.
     08-13 20:20:04.510 10700 10700 E aapt2   : No package ID 7f found for resource ID 0x7f040189.
     08-13 20:20:04.510 10700 10700 E aapt2   : No package ID 7f found for resource ID 0x7f04017c.
     08-13 20:20:04.510 10700 10700 E aapt2   : No package ID 7f found for resource ID 0x7f040167.
     08-13 20:20:04.510 10700 10700 E aapt2   : No package ID 7f found for resource ID 0x7f040165.
     08-13 20:20:04.510 10700 10700 E aapt2   : No package ID 7f found for resource ID 0x7f04016a.
     08-13 20:20:04.510 10700 10700 E aapt2   : No package ID 7f found for resource ID 0x7f040168.
     08-13 20:20:04.510 10700 10700 E aapt2   : No package ID 7f found for resource ID 0x7f04016b.
     08-13 20:20:04.510 10700 10700 E aapt2   : No package ID 7f found for resource ID 0x7f040169.
     08-13 20:20:04.510 10700 10700 E aapt2   : No package ID 7f found for resource ID 0x7f040166.
     08-13 20:20:04.510 10700 10700 E aapt2   : No package ID 7f found for resource ID 0x7f04016c.
     08-13 20:20:04.510 10700 10700 E aapt2   : No package ID 7f found for resource ID 0x7f040170.
     08-13 20:20:04.510 10700 10700 E aapt2   : No package ID 7f found for resource ID 0x7f040164.
     08-13 20:20:04.510 10700 10700 E aapt2   : No package ID 7f found for resource ID 0x7f040163.
     08-13 20:20:04.510 10700 10700 E aapt2   : No package ID 7f found for resource ID 0x7f040160.
     08-13 20:20:04.510 10700 10700 E aapt2   : No package ID 7f found for resource ID 0x7f040161.
     08-13 20:20:04.510 10700 10700 E aapt2   : No package ID 7f found for resource ID 0x7f04017d.
     08-13 20:20:04.510 10700 10700 E aapt2   : No package ID 7f found for resource ID 0x7f04016e.
     08-13 20:20:04.510 10700 10700 E aapt2   : No package ID 7f found for resource ID 0x7f04016d.
     08-13 20:20:04.510 10700 10700 E aapt2   : No package ID 7f found for resource ID 0x7f040162.
     08-13 20:20:04.510 10700 10700 E aapt2   : No package ID 7f found for resource ID 0x7f040171.
     08-13 20:20:04.510 10700 10700 E aapt2   : No package ID 7f found for resource ID 0x7f040174.
     08-13 20:20:04.510 10700 10700 E aapt2   : No package ID 7f found for resource ID 0x7f04017b.
     08-13 20:20:04.510 10700 10700 E aapt2   : No package ID 7f found for resource ID 0x7f04017f.
     08-13 20:20:04.510 10700 10700 E aapt2   : No package ID 7f found for resource ID 0x7f040180.
     08-13 20:20:04.510 10700 10700 E aapt2   : No package ID 7f found for resource ID 0x7f040185.
     08-13 20:20:04.510 10700 10700 E aapt2   : No package ID 7f found for resource ID 0x7f040186.
     08-13 20:20:04.510 10700 10700 E aapt2   : No package ID 7f found for resource ID 0x7f04015a.
     08-13 20:20:04.510 10700 10700 E aapt2   : No package ID 7f found for resource ID 0x7f040176.
     08-13 20:20:04.510 10700 10700 E aapt2   : No package ID 7f found for resource ID 0x7f04017a.
     08-13 20:20:04.510 10700 10700 E aapt2   : No package ID 7f found for resource ID 0x7f040179.
     08-13 20:20:04.510 10700 10700 E aapt2   : No package ID 7f found for resource ID 0x7f04015d.
     08-13 20:20:04.510 10700 10700 E aapt2   : No package ID 7f found for resource ID 0x7f04016f.
     08-13 20:20:04.510 10700 10700 E aapt2   : No package ID 7f found for resource ID 0x7f04015e.
     08-13 20:20:04.510 10700 10700 E aapt2   : No package ID 7f found for resource ID 0x7f04015f.
     08-13 20:20:04.510 10700 10700 E aapt2   : No package ID 7f found for resource ID 0x7f040255.
     08-13 20:20:04.510 10700 10700 E aapt2   : No package ID 7f found for resource ID 0x7f04024f.
     08-13 20:20:04.510 10700 10700 E aapt2   : No package ID 7f found for resource ID 0x7f040256.
     08-13 20:20:04.510 10700 10700 E aapt2   : No package ID 7f found for resource ID 0x7f04024e.
     08-13 20:20:04.510 10700 10700 E aapt2   : No package ID 7f found for resource ID 0x7f040252.
     08-13 20:20:04.510 10700 10700 E aapt2   : No package ID 7f found for resource ID 0x7f040253.
     08-13 20:20:04.510 10700 10700 E aapt2   : No package ID 7f found for resource ID 0x7f040254.
     08-13 20:20:04.510 10700 10700 E aapt2   : No package ID 7f found for resource ID 0x7f040250.
     08-13 20:20:04.510 10700 10700 E aapt2   : No package ID 7f found for resource ID 0x7f040251.
     08-13 20:20:04.510 10700 10700 E aapt2   : No package ID 7f found for resource ID 0x7f040059.
     08-13 20:20:04.510 10700 10700 E aapt2   : No package ID 7f found for resource ID 0x7f040058.
     08-13 20:20:04.510 10700 10700 E aapt2   : No package ID 7f found for resource ID 0x7f04005a.
     08-13 20:20:04.510 10700 10700 E aapt2   : No package ID 7f found for resource ID 0x7f040057.
     08-13 20:20:04.510 10700 10700 E aapt2   : No package ID 7f found for resource ID 0x7f04005c.
     08-13 20:20:04.510 10700 10700 E aapt2   : No package ID 7f found for resource ID 0x7f04005d.
     08-13 20:20:04.510 10700 10700 E aapt2   : No package ID 7f found for resource ID 0x7f04005b.
     08-13 20:20:04.510 10700 10700 E aapt2   : No package ID 7f found for resource ID 0x7f04005f.
     08-13 20:20:04.510 10700 10700 E aapt2   : No package ID 7f found for resource ID 0x7f04005e.
     08-13 20:20:04.510 10700 10700 E aapt2   : No package ID 7f found for resource ID 0x7f040061.
     08-13 20:20:04.510 10700 10700 E aapt2   : No package ID 7f found for resource ID 0x7f040060.
     08-13 20:20:04.510 10700 10700 E aapt2   : No package ID 7f found for resource ID 0x7f04018c.
     08-13 20:20:04.510 10700 10700 E aapt2   : No package ID 7f found for resource ID 0x7f04018b.
     08-13 20:20:04.510 10700 10700 E aapt2   : No package ID 7f found for resource ID 0x7f0402d4.
     08-13 20:20:04.510 10700 10700 E aapt2   : No package ID 7f found for resource ID 0x7f0402c3.
     08-13 20:20:04.510 10700 10700 E aapt2   : No package ID 7f found for resource ID 0x7f0402c0.
     08-13 20:20:04.510 10700 10700 E aapt2   : No package ID 7f found for resource ID 0x7f0402be.
     08-13 20:20:04.510 10700 10700 E aapt2   : No package ID 7f found for resource ID 0x7f0402bc.
     08-13 20:20:04.510 10700 10700 E aapt2   : No package ID 7f found for resource ID 0x7f0402bd.
     08-13 20:20:04.510 10700 10700 E aapt2   : No package ID 7f found for resource ID 0x7f0402c2.
     08-13 20:20:04.510 10700 10700 E aapt2   : No package ID 7f found for resource ID 0x7f0402c1.
     08-13 20:20:04.510 10700 10700 E aapt2   : No package ID 7f found for resource ID 0x7f040051.
     08-13 20:20:04.510 10700 10700 E aapt2   : No package ID 7f found for resource ID 0x7f0401a2.
     08-13 20:20:04.510 10700 10700 E aapt2   : No package ID 7f found for resource ID 0x7f0401a0.
     08-13 20:20:04.510 10700 10700 E aapt2   : No package ID 7f found for resource ID 0x7f0401a3.
     08-13 20:20:04.510 10700 10700 E aapt2   : No package ID 7f found for resource ID 0x7f04019f.
     08-13 20:20:04.510 10700 10700 E aapt2   : No package ID 7f found for resource ID 0x7f04019e.
     08-13 20:20:04.510 10700 10700 E aapt2   : No package ID 7f found for resource ID 0x7f0401a1.
     08-13 20:20:04.510 10700 10700 E aapt2   : No package ID 7f found for resource ID 0x7f040100.
     08-13 20:20:04.510 10700 10700 E aapt2   : No package ID 7f found for resource ID 0x7f0400ff.
     08-13 20:20:04.510 10700 10700 E aapt2   : No package ID 7f found for resource ID 0x7f0400fe.
     08-13 20:20:04.510 10700 10700 E aapt2   : No package ID 7f found for resource ID 0x7f0400fd.
     08-13 20:20:04.510 10700 10700 E aapt2   : No package ID 7f found for resource ID 0x7f04028a.
     08-13 20:20:04.510 10700 10700 E aapt2   : No package ID 7f found for resource ID 0x7f040289.
     08-13 20:20:04.510 10700 10700 E aapt2   : No package ID 7f found for resource ID 0x7f040284.
     08-13 20:20:04.510 10700 10700 E aapt2   : No package ID 7f found for resource ID 0x7f040287.
     08-13 20:20:04.510 10700 10700 E aapt2   : No package ID 7f found for resource ID 0x7f040285.
     08-13 20:20:04.510 10700 10700 E aapt2   : No package ID 7f found for resource ID 0x7f040286.
     08-13 20:20:04.510 10700 10700 E aapt2   : No package ID 7f found for resource ID 0x7f040288.
     08-13 20:20:04.510 10700 10700 E aapt2   : No package ID 7f found for resource ID 0x7f04027e.
     08-13 20:20:04.510 10700 10700 E aapt2   : No package ID 7f found for resource ID 0x7f040283.
     08-13 20:20:04.510 10700 10700 E aapt2   : No package ID 7f found for resource ID 0x7f040282.
     08-13 20:20:04.510 10700 10700 E aapt2   : No package ID 7f found for resource ID 0x7f040281.
     08-13 20:20:04.510 10700 10700 E aapt2   : No package ID 7f found for resource ID 0x7f040280.
     08-13 20:20:04.510 10700 10700 E aapt2   : No package ID 7f found for resource ID 0x7f04027f.
     08-13 20:20:04.510 10700 10700 E aapt2   : No package ID 7f found for resource ID 0x7f04027b.
     08-13 20:20:04.510 10700 10700 E aapt2   : No package ID 7f found for resource ID 0x7f040277.
     08-13 20:20:04.510 10700 10700 E aapt2   : No package ID 7f found for resource ID 0x7f04027d.
     08-13 20:20:04.510 10700 10700 E aapt2   : No package ID 7f found for resource ID 0x7f0401b0.
     08-13 20:20:04.510 10700 10700 E aapt2   : No package ID 7f found for resource ID 0x7f040122.
     08-13 20:20:04.510 10700 10700 E aapt2   : No package ID 7f found for resource ID 0x7f0400ef.
     08-13 20:20:04.510 10700 10700 E aapt2   : No package ID 7f found for resource ID 0x7f0400f0.
     08-13 20:20:04.510 10700 10700 E aapt2   : No package ID 7f found for resource ID 0x7f0400f4.
     08-13 20:20:04.510 10700 10700 E aapt2   : No package ID 7f found for resource ID 0x7f0400f6.
     08-13 20:20:04.510 10700 10700 E aapt2   : No package ID 7f found for resource ID 0x7f0400f3.
     08-13 20:20:04.510 10700 10700 E aapt2   : No package ID 7f found for resource ID 0x7f0400f7.
     08-13 20:20:04.510 10700 10700 E aapt2   : No package ID 7f found for resource ID 0x7f0402d2.
     08-13 20:20:04.510 10700 10700 E aapt2   : No package ID 7f found for resource ID 0x7f0400f5.
     08-13 20:20:04.510 10700 10700 E aapt2   : No package ID 7f found for resource ID 0x7f04028b.
     08-13 20:20:04.510 10700 10700 E aapt2   : No package ID 7f found for resource ID 0x7f04028c.
     08-13 20:20:04.510 10700 10700 E aapt2   : No package ID 7f found for resource ID 0x7f04027c.
     08-13 20:20:04.510 10700 10700 E aapt2   : No package ID 7f found for resource ID 0x7f040278.
     08-13 20:20:04.510 10700 10700 E aapt2   : No package ID 7f found for resource ID 0x7f04027a.
     08-13 20:20:04.510 10700 10700 E aapt2   : No package ID 7f found for resource ID 0x7f040279.
     08-13 20:20:04.510 10700 10700 E aapt2   : No package ID 7f found for resource ID 0x7f04025d.
     08-13 20:20:04.510 10700 10700 E aapt2   : No package ID 7f found for resource ID 0x7f04025b.
     08-13 20:20:04.510 10700 10700 E aapt2   : No package ID 7f found for resource ID 0x7f04025c.
     08-13 20:20:04.510 10700 10700 E aapt2   : No package ID 7f found for resource ID 0x7f040270.
     08-13 20:20:04.510 10700 10700 E aapt2   : No package ID 7f found for resource ID 0x7f0400ee.
     08-13 20:20:04.510 10700 10700 E aapt2   : No package ID 7f found for resource ID 0x7f040338.
     08-13 20:20:04.510 10700 10700 E aapt2   : No package ID 7f found for resource ID 0x7f040272.
     08-13 20:20:04.510 10700 10700 E aapt2   : No package ID 7f found for resource ID 0x7f0402e8.
     08-13 20:20:04.510 10700 10700 E aapt2   : No package ID 7f found for resource ID 0x7f0402b0.
     08-13 20:20:04.510 10700 10700 E aapt2   : No package ID 7f found for resource ID 0x7f0402e5.
     08-13 20:20:04.510 10700 10700 E aapt2   : No package ID 7f found for resource ID 0x7f0402e2.
     08-13 20:20:04.510 10700 10700 E aapt2   : No package ID 7f found for resource ID 0x7f0402e4.
     08-13 20:20:04.510 10700 10700 E aapt2   : No package ID 7f found for resource ID 0x7f0402e3.
     08-13 20:20:04.510 10700 10700 E aapt2   : No package ID 7f found for resource ID 0x7f0402e6.
     08-13 20:20:04.510 10700 10700 E aapt2   : No package ID 7f found for resource ID 0x7f040339.
     08-13 20:20:04.510 10700 10700 E aapt2   : No package ID 7f found for resource ID 0x7f0400df.
     08-13 20:20:04.510 10700 10700 E aapt2   : No package ID 7f found for resource ID 0x7f04004d.
     08-13 20:20:04.510 10700 10700 E aapt2   : No package ID 7f found for resource ID 0x7f04004c.
     08-13 20:20:04.510 10700 10700 E aapt2   : No package ID 7f found for resource ID 0x7f04034e.
     08-13 20:20:04.510 10700 10700 E aapt2   : No package ID 7f found for resource ID 0x7f040028.
     08-13 20:20:04.510 10700 10700 E aapt2   : No package ID 7f found for resource ID 0x7f0402cb.
     08-13 20:20:04.510 10700 10700 E aapt2   : No package ID 7f found for resource ID 0x7f0402c8.
     08-13 20:20:04.510 10700 10700 E aapt2   : No package ID 7f found for resource ID 0x7f0402c9.
     08-13 20:20:04.510 10700 10700 E aapt2   : No package ID 7f found for resource ID 0x7f0402ca.
     08-13 20:20:04.510 10700 10700 E aapt2   : No package ID 7f found for resource ID 0x7f04028e.
     08-13 20:20:04.510 10700 10700 E aapt2   : No package ID 7f found for resource ID 0x7f0402c7.
     08-13 20:20:04.510 10700 10700 E aapt2   : No package ID 7f found for resource ID 0x7f040062.
     08-13 20:20:04.510 10700 10700 E aapt2   : No package ID 7f found for resource ID 0x7f04035b.
     08-13 20:20:04.510 10700 10700 E aapt2   : No package ID 7f found for resource ID 0x7f040027.
     08-13 20:20:04.510 10700 10700 E aapt2   : No package ID 7f found for resource ID 0x7f04028d.
     08-13 20:20:04.510 10700 10700 E aapt2   : No package ID 7f found for resource ID 0x7f040210.
     08-13 20:20:04.510 10700 10700 E aapt2   : No package ID 7f found for resource ID 0x7f040105.
     08-13 20:20:04.510 10700 10700 E aapt2   : No package ID 7f found for resource ID 0x7f0402dd.
     08-13 20:20:04.510 10700 10700 E aapt2   : No package ID 7f found for resource ID 0x7f040107.
     08-13 20:20:04.510 10700 10700 E aapt2   : No package ID 7f found for resource ID 0x7f04019c.
     08-13 20:20:04.510 10700 10700 E aapt2   : No package ID 7f found for resource ID 0x7f04019b.
     08-13 20:20:04.510 10700 10700 E aapt2   : No package ID 7f found for resource ID 0x7f0400b1.
     08-13 20:20:04.510 10700 10700 E aapt2   : No package ID 7f found for resource ID 0x7f040124.
     08-13 20:20:04.510 10700 10700 E aapt2   : No package ID 7f found for resource ID 0x7f040125.
     08-13 20:20:04.510 10700 10700 E aapt2   : No package ID 7f found for resource ID 0x7f040214.
     08-13 20:20:04.510 10700 10700 E aapt2   : No package ID 7f found for resource ID 0x7f04002f.
     08-13 20:20:04.510 10700 10700 E aapt2   : No package ID 7f found for resource ID 0x7f040246.
     08-13 20:20:04.510 10700 10700 E aapt2   : No package ID 7f found for resource ID 0x7f0402dc.
     08-13 20:20:04.510 10700 10700 E aapt2   : No package ID 7f found for resource ID 0x7f04000f.
     08-13 20:20:04.510 10700 10700 E aapt2   : No package ID 7f found for resource ID 0x7f040024.
     08-13 20:20:04.510 10700 10700 E aapt2   : No package ID 7f found for resource ID 0x7f040023.
     08-13 20:20:04.510 10700 10700 E aapt2   : No package ID 7f found for resource ID 0x7f0400d6.
     08-13 20:20:04.510 10700 10700 E aapt2   : No package ID 7f found for resource ID 0x7f04034a.
     08-13 20:20:04.510 10700 10700 E aapt2   : No package ID 7f found for resource ID 0x7f040196.
     08-13 20:20:04.510 10700 10700 E aapt2   : No package ID 7f found for resource ID 0x7f040197.
     08-13 20:20:04.510 10700 10700 E aapt2   : No package ID 7f found for resource ID 0x7f040294.
     08-13 20:20:04.510 10700 10700 E aapt2   : No package ID 7f found for resource ID 0x7f040300.
     08-13 20:20:04.510 10700 10700 E aapt2   : No package ID 7f found for resource ID 0x7f040227.
     08-13 20:20:04.510 10700 10700 E aapt2   : No package ID 7f found for resource ID 0x7f040229.
     08-13 20:20:04.510 10700 10700 E aapt2   : No package ID 7f found for resource ID 0x7f040228.
     08-13 20:20:04.510 10700 10700 E aapt2   : No package ID 7f found for resource ID 0x7f040226.
     08-13 20:20:04.510 10700 10700 E aapt2   : No package ID 7f found for resource ID 0x7f04022a.
     08-13 20:20:04.510 10700 10700 E aapt2   : No package ID 7f found for resource ID 0x7f04022b.
     08-13 20:20:04.510 10700 10700 E aapt2   : No package ID 7f found for resource ID 0x7f040032.
     08-13 20:20:04.510 10700 10700 E aapt2   : No package ID 7f found for resource ID 0x7f040031.
     08-13 20:20:04.510 10700 10700 E aapt2   : No package ID 7f found for resource ID 0x7f040354.
     08-13 20:20:04.510 10700 10700 E aapt2   : No package ID 7f found for resource ID 0x7f040265.
     08-13 20:20:04.510 10700 10700 E aapt2   : No package ID 7f found for resource ID 0x7f040236.
     08-13 20:20:04.510 10700 10700 E aapt2   : No package ID 7f found for resource ID 0x7f040238.
     08-13 20:20:04.510 10700 10700 E aapt2   : No package ID 7f found for resource ID 0x7f04010f.
     08-13 20:20:04.510 10700 10700 E aapt2   : No package ID 7f found for resource ID 0x7f04029a.
     08-13 20:20:04.510 10700 10700 E aapt2   : No package ID 7f found for resource ID 0x7f040299.
     08-13 20:20:04.510 10700 10700 E aapt2   : No package ID 7f found for resource ID 0x7f040298.
     08-13 20:20:04.510 10700 10700 E aapt2   : No package ID 7f found for resource ID 0x7f040230.
     08-13 20:20:04.510 10700 10700 E aapt2   : No package ID 7f found for resource ID 0x7f04022e.
     08-13 20:20:04.510 10700 10700 E aapt2   : No package ID 7f found for resource ID 0x7f040232.
     08-13 20:20:04.510 10700 10700 E aapt2   : No package ID 7f found for resource ID 0x7f040233.
     08-13 20:20:04.510 10700 10700 E aapt2   : No package ID 7f found for resource ID 0x7f04022d.
     08-13 20:20:04.510 10700 10700 E aapt2   : No package ID 7f found for resource ID 0x7f040234.
     08-13 20:20:04.510 10700 10700 E aapt2   : No package ID 7f found for resource ID 0x7f04022f.
     08-13 20:20:04.510 10700 10700 E aapt2   : No package ID 7f found for resource ID 0x7f040231.
     08-13 20:20:04.510 10700 10700 E aapt2   : No package ID 7f found for resource ID 0x7f04024b.
     08-13 20:20:04.510 10700 10700 E aapt2   : No package ID 7f found for resource ID 0x7f040248.
     08-13 20:20:04.510 10700 10700 E aapt2   : No package ID 7f found for resource ID 0x7f040326.
     08-13 20:20:04.510 10700 10700 E aapt2   : No package ID 7f found for resource ID 0x7f040327.
     08-13 20:20:04.510 10700 10700 E aapt2   : No package ID 7f found for resource ID 0x7f040053.
     08-13 20:20:04.510 10700 10700 E aapt2   : No package ID 7f found for resource ID 0x7f0402c5.
     08-13 20:20:04.510 10700 10700 E aapt2   : No package ID 7f found for resource ID 0x7f040054.
     08-13 20:20:04.511 10700 10700 E aapt2   : No package ID 7f found for resource ID 0x7f040325.
     08-13 20:20:04.511 10700 10700 E aapt2   : No package ID 7f found for resource ID 0x7f040324.
     08-13 20:20:04.511 10700 10700 E aapt2   : No package ID 7f found for resource ID 0x7f04031b.
     08-13 20:20:04.511 10700 10700 E aapt2   : No package ID 7f found for resource ID 0x7f04032b.
     08-13 20:20:04.511 10700 10700 E aapt2   : No package ID 7f found for resource ID 0x7f04032a.
     08-13 20:20:04.511 10700 10700 E aapt2   : No package ID 7f found for resource ID 0x7f040328.
     08-13 20:20:04.511 10700 10700 E aapt2   : No package ID 7f found for resource ID 0x7f04031c.
     08-13 20:20:04.511 10700 10700 E aapt2   : No package ID 7f found for resource ID 0x7f04031d.
     08-13 20:20:04.511 10700 10700 E aapt2   : No package ID 7f found for resource ID 0x7f04031f.
     08-13 20:20:04.511 10700 10700 E aapt2   : No package ID 7f found for resource ID 0x7f04031e.
     08-13 20:20:04.511 10700 10700 E aapt2   : No package ID 7f found for resource ID 0x7f040329.
     08-13 20:20:04.511 10700 10700 E aapt2   : No package ID 7f found for resource ID 0x7f0401b6.
     08-13 20:20:04.511 10700 10700 E aapt2   : No package ID 7f found for resource ID 0x7f0400e1.
     08-13 20:20:04.511 10700 10700 E aapt2   : No package ID 7f found for resource ID 0x7f040237.
     08-13 20:20:04.511 10700 10700 E aapt2   : No package ID 7f found for resource ID 0x7f040034.
     08-13 20:20:04.511 10700 10700 E aapt2   : No package ID 7f found for resource ID 0x7f0402de.
     08-13 20:20:04.511 10700 10700 E aapt2   : No package ID 7f found for resource ID 0x7f04022c.
     08-13 20:20:04.511 10700 10700 E aapt2   : No package ID 7f found for resource ID 0x7f0400f1.
     08-13 20:20:04.511 10700 10700 E aapt2   : No package ID 7f found for resource ID 0x7f0401b7.
     08-13 20:20:04.511 10700 10700 E aapt2   : No package ID 7f found for resource ID 0x7f040311.
     08-13 20:20:04.511 10700 10700 E aapt2   : No package ID 7f found for resource ID 0x7f04030f.
     08-13 20:20:04.511 10700 10700 E aapt2   : No package ID 7f found for resource ID 0x7f040310.
     08-13 20:20:04.511 10700 10700 E aapt2   : No package ID 7f found for resource ID 0x7f04030e.
     08-13 20:20:04.511 10700 10700 E aapt2   : No package ID 7f found for resource ID 0x7f0400b9.
     08-13 20:20:04.511 10700 10700 E aapt2   : No package ID 7f found for resource ID 0x7f04010d.
     08-13 20:20:04.511 10700 10700 E aapt2   : No package ID 7f found for resource ID 0x7f04010e.
     08-13 20:20:04.511 10700 10700 E aapt2   : No package ID 7f found for resource ID 0x7f04003d.
     08-13 20:20:04.511 10700 10700 E aapt2   : No package ID 7f found for resource ID 0x7f04020e.
     08-13 20:20:04.511 10700 10700 E aapt2   : No package ID 7f found for resource ID 0x7f04020b.
     08-13 20:20:04.511 10700 10700 E aapt2   : No package ID 7f found for resource ID 0x7f0402f9.
     08-13 20:20:04.511 10700 10700 E aapt2   : No package ID 7f found for resource ID 0x7f0402fa.
     08-13 20:20:04.511 10700 10700 E aapt2   : No package ID 7f found for resource ID 0x7f0402f8.
     08-13 20:20:04.511 10700 10700 E aapt2   : No package ID 7f found for resource ID 0x7f0402fb.
     08-13 20:20:04.511 10700 10700 E aapt2   : No package ID 7f found for resource ID 0x7f0402f7.
     08-13 20:20:04.511 10700 10700 E aapt2   : No package ID 7f found for resource ID 0x7f04010c.
     08-13 20:20:04.511 10700 10700 E aapt2   : No package ID 7f found for resource ID 0x7f04034b.
     08-13 20:20:04.511 10700 10700 E aapt2   : No package ID 7f found for resource ID 0x7f04034c.
     08-13 20:20:04.511 10700 10700 E aapt2   : No package ID 7f found for resource ID 0x7f0402b9.
     08-13 20:20:04.511 10700 10700 E aapt2   : No package ID 7f found for resource ID 0x7f04034d.
     08-13 20:20:04.511 10700 10700 E aapt2   : No package ID 7f found for resource ID 0x7f0401f7.
     08-13 20:20:04.511 10700 10700 E aapt2   : No package ID 7f found for resource ID 0x7f040241.
     08-13 20:20:04.511 10700 10700 E aapt2   : No package ID 7f found for resource ID 0x7f04023c.
     08-13 20:20:04.511 10700 10700 E aapt2   : No package ID 7f found for resource ID 0x7f04024d.
     08-13 20:20:04.511 10700 10700 E aapt2   : No package ID 7f found for resource ID 0x7f040258.
     08-13 20:20:04.511 10700 10700 E aapt2   : No package ID 7f found for resource ID 0x7f040257.
     08-13 20:20:04.511 10700 10700 E aapt2   : No package ID 7f found for resource ID 0x7f0401f4.
     08-13 20:20:04.511 10700 10700 E aapt2   : No package ID 7f found for resource ID 0x7f040039.
     08-13 20:20:04.511 10700 10700 E aapt2   : No package ID 7f found for resource ID 0x7f04010b.
     08-13 20:20:04.511 10700 10700 E aapt2   : No package ID 7f found for resource ID 0x7f04010a.
     08-13 20:20:04.511 10700 10700 E aapt2   : No package ID 7f found for resource ID 0x7f040109.
     08-13 20:20:04.511 10700 10700 E aapt2   : No package ID 7f found for resource ID 0x7f040037.
     08-13 20:20:04.511 10700 10700 E aapt2   : No package ID 7f found for resource ID 0x7f040036.
     08-13 20:20:04.511 10700 10700 E aapt2   : No package ID 7f found for resource ID 0x7f0402ad.
     08-13 20:20:04.511 10700 10700 E aapt2   : No package ID 7f found for resource ID 0x7f0402af.
     08-13 20:20:04.511 10700 10700 E aapt2   : No package ID 7f found for resource ID 0x7f0402ac.
     08-13 20:20:04.511 10700 10700 E aapt2   : No package ID 7f found for resource ID 0x7f0402b8.
     08-13 20:20:04.511 10700 10700 E aapt2   : No package ID 7f found for resource ID 0x7f04012d.
     08-13 20:20:04.511 10700 10700 E aapt2   : No package ID 7f found for resource ID 0x7f040295.
     08-13 20:20:04.511 10700 10700 E aapt2   : No package ID 7f found for resource ID 0x7f040243.
     08-13 20:20:04.511 10700 10700 E aapt2   : No package ID 7f found for resource ID 0x7f0402ec.
     08-13 20:20:04.511 10700 10700 E aapt2   : No package ID 7f found for resource ID 0x7f0402eb.
     08-13 20:20:04.511 10700 10700 E aapt2   : No package ID 7f found for resource ID 0x7f0402e7.
     08-13 20:20:04.511 10700 10700 E aapt2   : No package ID 7f found for resource ID 0x7f040307.
     08-13 20:20:04.511 10700 10700 E aapt2   : No package ID 7f found for resource ID 0x7f040306.
     08-13 20:20:04.511 10700 10700 E aapt2   : No package ID 7f found for resource ID 0x7f0402e9.
     08-13 20:20:04.511 10700 10700 E aapt2   : No package ID 7f found for resource ID 0x7f040368.
     08-13 20:20:04.511 10700 10700 E aapt2   : No package ID 7f found for resource ID 0x7f040033.
     08-13 20:20:04.511 10700 10700 E aapt2   : No package ID 7f found for resource ID 0x7f040276.
     08-13 20:20:04.511 10700 10700 E aapt2   : No package ID 7f found for resource ID 0x7f040268.
     08-13 20:20:04.511 10700 10700 E aapt2   : No package ID 7f found for resource ID 0x7f040154.
     08-13 20:20:04.511 10700 10700 E aapt2   : No package ID 7f found for resource ID 0x7f040153.
     08-13 20:20:04.511 10700 10700 E aapt2   : No package ID 7f found for resource ID 0x7f04035e.
     08-13 20:20:04.511 10700 10700 E aapt2   : No package ID 7f found for resource ID 0x7f04003b.
     08-13 20:20:04.511 10700 10700 E aapt2   : No package ID 7f found for resource ID 0x7f0401a8.
     08-13 20:20:04.511 10700 10700 E aapt2   : No package ID 7f found for resource ID 0x7f0402ed.
     08-13 20:20:04.511 10700 10700 E aapt2   : No package ID 7f found for resource ID 0x7f0400f9.
     08-13 20:20:04.511 10700 10700 E aapt2   : No package ID 7f found for resource ID 0x7f04035f.
     08-13 20:20:04.511 10700 10700 E aapt2   : No package ID 7f found for resource ID 0x7f040190.
     08-13 20:20:04.511 10700 10700 E aapt2   : No package ID 7f found for resource ID 0x7f04018f.
     08-13 20:20:04.511 10700 10700 E aapt2   : No package ID 7f found for resource ID 0x7f040045.
     08-13 20:20:04.511 10700 10700 E aapt2   : No package ID 7f found for resource ID 0x7f0402e1.
     08-13 20:20:04.511 10700 10700 E aapt2   : No package ID 7f found for resource ID 0x7f0401b1.
     08-13 20:20:04.511 10700 10700 E aapt2   : No package ID 7f found for resource ID 0x7f04028f.
     08-13 20:20:04.511 10700 10700 E aapt2   : No package ID 7f found for resource ID 0x7f040309.
     08-13 20:20:04.511 10700 10700 E aapt2   : No package ID 7f found for resource ID 0x7f0402b2.
     08-13 20:20:04.511 10700 10700 E aapt2   : No package ID 7f found for resource ID 0x7f040259.
     08-13 20:20:04.511 10700 10700 E aapt2   : No package ID 7f found for resource ID 0x7f0402ff.
     08-13 20:20:04.511 10700 10700 E aapt2   : No package ID 7f found for resource ID 0x7f040366.
     08-13 20:20:04.511 10700 10700 E aapt2   : No package ID 7f found for resource ID 0x7f0401db.
     08-13 20:20:04.511 10700 10700 E aapt2   : No package ID 7f found for resource ID 0x7f04025e.
     08-13 20:20:04.511 10700 10700 E aapt2   : No package ID 7f found for resource ID 0x7f040261.
     08-13 20:20:04.511 10700 10700 E aapt2   : No package ID 7f found for resource ID 0x7f0401b8.
     08-13 20:20:04.511 10700 10700 E aapt2   : No package ID 7f found for resource ID 0x7f0402f2.
     08-13 20:20:04.511 10700 10700 E aapt2   : No package ID 7f found for resource ID 0x7f0402b6.
     08-13 20:20:04.511 10700 10700 E aapt2   : No package ID 7f found for resource ID 0x7f0402fd.
     08-13 20:20:04.511 10700 10700 E aapt2   : No package ID 7f found for resource ID 0x7f040127.
     08-13 20:20:04.511 10700 10700 E aapt2   : No package ID 7f found for resource ID 0x7f04012a.
     08-13 20:20:04.511 10700 10700 E aapt2   : No package ID 7f found for resource ID 0x7f04012b.
     08-13 20:20:04.511 10700 10700 E aapt2   : No package ID 7f found for resource ID 0x7f040128.
     08-13 20:20:04.511 10700 10700 E aapt2   : No package ID 7f found for resource ID 0x7f040129.
     08-13 20:20:04.511 10700 10700 E aapt2   : No package ID 7f found for resource ID 0x7f0401b5.
     08-13 20:20:04.511 10700 10700 E aapt2   : No package ID 7f found for resource ID 0x7f040198.
     08-13 20:20:04.511 10700 10700 E aapt2   : No package ID 7f found for resource ID 0x7f04029c.
     08-13 20:20:04.511 10700 10700 E aapt2   : No package ID 7f found for resource ID 0x7f0400f2.
     08-13 20:20:04.511 10700 10700 E aapt2   : No package ID 7f found for resource ID 0x7f0400ba.
     08-13 20:20:04.511 10700 10700 E aapt2   : No package ID 7f found for resource ID 0x7f040156.
     08-13 20:20:04.511 10700 10700 E aapt2   : No package ID 7f found for resource ID 0x7f0402cd.
     08-13 20:20:04.511 10700 10700 E aapt2   : No package ID 7f found for resource ID 0x7f0402cc.
     08-13 20:20:04.511 10700 10700 E aapt2   : No package ID 7f found for resource ID 0x7f040367.
     08-13 20:20:04.511 10700 10700 E aapt2   : No package ID 7f found for resource ID 0x7f0400cd.
     08-13 20:20:04.511 10700 10700 E aapt2   : No package ID 7f found for resource ID 0x7f040308.
     08-13 20:20:04.511 10700 10700 E aapt2   : No package ID 7f found for resource ID 0x7f04029b.
     08-13 20:20:04.511 10700 10700 E aapt2   : No package ID 7f found for resource ID 0x7f040301.
     08-13 20:20:04.511 10700 10700 E aapt2   : No package ID 7f found for resource ID 0x7f04006c.
     08-13 20:20:04.511 10700 10700 E aapt2   : No package ID 7f found for resource ID 0x7f0400c9.
     08-13 20:20:04.511 10700 10700 E aapt2   : No package ID 7f found for resource ID 0x7f0402c6.
     08-13 20:20:04.511 10700 10700 E aapt2   : No package ID 7f found for resource ID 0x7f040292.
     08-13 20:20:04.511 10700 10700 E aapt2   : No package ID 7f found for resource ID 0x7f0400d4.
     08-13 20:20:04.511 10700 10700 E aapt2   : No package ID 7f found for resource ID 0x7f0400f8.
     08-13 20:20:04.511 10700 10700 E aapt2   : No package ID 7f found for resource ID 0x7f04032f.
     08-13 20:20:04.511 10700 10700 E aapt2   : No package ID 7f found for resource ID 0x7f040330.
     08-13 20:20:04.511 10700 10700 E aapt2   : No package ID 7f found for resource ID 0x7f04034f.
     08-13 20:20:04.511 10700 10700 E aapt2   : No package ID 7f found for resource ID 0x7f040350.
     08-13 20:20:04.511 10700 10700 E aapt2   : No package ID 7f found for resource ID 0x7f040351.
     08-13 20:20:04.511 10700 10700 E aapt2   : No package ID 7f found for resource ID 0x7f04032e.
     08-13 20:20:04.511 10700 10700 E aapt2   : No package ID 7f found for resource ID 0x7f04030d.
     08-13 20:20:04.511 10700 10700 E aapt2   : No package ID 7f found for resource ID 0x7f04030a.
     08-13 20:20:04.511 10700 10700 E aapt2   : No package ID 7f found for resource ID 0x7f04030b.
     08-13 20:20:04.511 10700 10700 E aapt2   : No package ID 7f found for resource ID 0x7f0402f6.
     08-13 20:20:04.511 10700 10700 E aapt2   : No package ID 7f found for resource ID 0x7f0402df.
     08-13 20:20:04.511 10700 10700 E aapt2   : No package ID 7f found for resource ID 0x7f040147.
     08-13 20:20:04.511 10700 10700 E aapt2   : No package ID 7f found for resource ID 0x7f040312.
     08-13 20:20:04.511 10700 10700 E aapt2   : No package ID 7f found for resource ID 0x7f040323.
     08-13 20:20:04.511 10700 10700 E aapt2   : No package ID 7f found for resource ID 0x7f040150.
     08-13 20:20:04.511 10700 10700 E aapt2   : No package ID 7f found for resource ID 0x7f040322.
     08-13 20:20:04.511 10700 10700 E aapt2   : No package ID 7f found for resource ID 0x7f040343.
     08-13 20:20:04.511 10700 10700 E aapt2   : No package ID 7f found for resource ID 0x7f040303.
     08-13 20:20:04.511 10700 10700 E aapt2   : No package ID 7f found for resource ID 0x7f04033c.
     08-13 20:20:04.511 10700 10700 E aapt2   : No package ID 7f found for resource ID 0x7f040302.
     08-13 20:20:04.511 10700 10700 E aapt2   : No package ID 7f found for resource ID 0x7f04033d.
     08-13 20:20:04.511 10700 10700 E aapt2   : No package ID 7f found for resource ID 0x7f040340.
     08-13 20:20:04.511 10700 10700 E aapt2   : No package ID 7f found for resource ID 0x7f04033f.
     08-13 20:20:04.511 10700 10700 E aapt2   : No package ID 7f found for resource ID 0x7f040341.
     08-13 20:20:04.511 10700 10700 E aapt2   : No package ID 7f found for resource ID 0x7f04033e.
     08-13 20:20:04.511 10700 10700 E aapt2   : No package ID 7f found for resource ID 0x7f040342.
     08-13 20:20:04.511 10700 10700 E aapt2   : No package ID 7f found for resource ID 0x7f0400db.
     08-13 20:20:04.511 10700 10700 E aapt2   : No package ID 7f found for resource ID 0x7f0400d7.
     08-13 20:20:04.511 10700 10700 E aapt2   : No package ID 7f found for resource ID 0x7f0400d9.
     08-13 20:20:04.511 10700 10700 E aapt2   : No package ID 7f found for resource ID 0x7f0400da.
     08-13 20:20:04.511 10700 10700 E aapt2   : No package ID 7f found for resource ID 0x7f0400dc.
     08-13 20:20:04.511 10700 10700 E aapt2   : No package ID 7f found for resource ID 0x7f0400d8.
     08-13 20:20:04.511 10700 10700 E aapt2   : No package ID 7f found for resource ID 0x7f04020c.
     08-13 20:20:04.511 10700 10700 E aapt2   : No package ID 7f found for resource ID 0x7f040069.
     08-13 20:20:04.511 10700 10700 E aapt2   : No package ID 7f found for resource ID 0x7f0400be.
     08-13 20:20:04.511 10700 10700 E aapt2   : No package ID 7f found for resource ID 0x7f0400bd.
     08-13 20:20:04.511 10700 10700 E aapt2   : No package ID 7f found for resource ID 0x7f04023f.
     08-13 20:20:04.511 10700 10700 E aapt2   : No package ID 7f found for resource ID 0x7f04023e.
     08-13 20:20:04.511 10700 10700 E aapt2   : No package ID 7f found for resource ID 0x7f040208.
     08-13 20:20:04.511 10700 10700 E aapt2   : No package ID 7f found for resource ID 0x7f040209.
     08-13 20:20:04.511 10700 10700 E aapt2   : No package ID 7f found for resource ID 0x7f040344.
     08-13 20:20:04.511 10700 10700 E aapt2   : No package ID 7f found for resource ID 0x7f040304.
     08-13 20:20:04.511 10700 10700 E aapt2   : No package ID 7f found for resource ID 0x7f040222.
     08-13 20:20:04.511 10700 10700 E aapt2   : No package ID 7f found for resource ID 0x7f040352.
     08-13 20:20:04.511 10700 10700 E aapt2   : No package ID 7f found for resource ID 0x7f0400d1.
     08-13 20:20:04.511 10700 10700 E aapt2   : No package ID 7f found for resource ID 0x7f0400d0.
     08-13 20:20:04.511 10700 10700 E aapt2   : No package ID 7f found for resource ID 0x7f040353.
     08-13 20:20:04.511 10700 10700 E aapt2   : No package ID 7f found for resource ID 0x7f0401b7.
     08-13 20:20:04.511 10700 10700 E aapt2   : No package ID 7f found for resource ID 0x7f040265.
     08-13 20:20:04.511 10700 10700 E aapt2   : No package ID 7f found for resource ID 0x7f040044.
     08-13 20:20:04.511 10700 10700 E aapt2   : No package ID 7f found for resource ID 0x7f040235.
     08-13 20:20:04.511 10700 10700 E aapt2   : No package ID 7f found for resource ID 0x7f04011c.
     08-13 20:20:04.511 10700 10700 E aapt2   : No package ID 7f found for resource ID 0x7f0402fe.
     08-13 20:20:04.511 10700 10700 E aapt2   : No package ID 7f found for resource ID 0x7f040355.
     08-13 20:20:04.511 10700 10700 E aapt2   : No package ID 7f found for resource ID 0x7f0402a9.
     08-13 20:20:04.511 10700 10700 E aapt2   : No package ID 7f found for resource ID 0x7f0402aa.
     08-13 20:20:04.511 10700 10700 E aapt2   : No package ID 7f found for resource ID 0x7f0402a7.
     08-13 20:20:04.511 10700 10700 E aapt2   : No package ID 7f found for resource ID 0x7f0402a8.
     08-13 20:20:04.511 10700 10700 E aapt2   : No package ID 7f found for resource ID 0x7f040260.
     08-13 20:20:04.511 10700 10700 E aapt2   : No package ID 7f found for resource ID 0x7f04025f.
     08-13 20:20:04.511 10700 10700 E aapt2   : No package ID 7f found for resource ID 0x7f04032c.
     08-13 20:20:04.511 10700 10700 E aapt2   : No package ID 7f found for resource ID 0x7f040049.
     08-13 20:20:04.511 10700 10700 E aapt2   : No package ID 7f found for resource ID 0x7f04004a.
     08-13 20:20:04.511 10700 10700 E aapt2   : No package ID 7f found for resource ID 0x7f040239.
     08-13 20:20:04.511 10700 10700 E aapt2   : No package ID 7f found for resource ID 0x7f040362.
     08-13 20:20:04.511 10700 10700 E aapt2   : No package ID 7f found for resource ID 0x7f04024c.
     08-13 20:20:04.511 10700 10700 E aapt2   : No package ID 7f found for resource ID 0x7f04035c.
     08-13 20:20:04.511 10700 10700 E aapt2   : No package ID 7f found for resource ID 0x7f040265.
     08-13 20:20:04.511 10700 10700 E aapt2   : No package ID 7f found for resource ID 0x7f040001.
     08-13 20:20:04.511 10700 10700 E aapt2   : No package ID 7f found for resource ID 0x7f040000.
     08-13 20:20:04.511 10700 10700 E aapt2   : No package ID 7f found for resource ID 0x7f0402da.
     08-13 20:20:04.511 10700 10700 E aapt2   : No package ID 7f found for resource ID 0x7f0400b8.
     08-13 20:20:04.511 10700 10700 E aapt2   : No package ID 7f found for resource ID 0x7f04019a.
     08-13 20:20:04.511 10700 10700 E aapt2   : No package ID 7f found for resource ID 0x7f040199.
     08-13 20:20:04.511 10700 10700 E aapt2   : No package ID 7f found for resource ID 0x7f0400cf.
     08-13 20:20:04.511 10700 10700 E aapt2   : No package ID 7f found for resource ID 0x7f040072.
     08-13 20:20:04.511 10700 10700 E aapt2   : No package ID 7f found for resource ID 0x7f040071.
     08-13 20:20:04.511 10700 10700 E aapt2   : No package ID 7f found for resource ID 0x7f040073.
     08-13 20:20:04.511 10700 10700 E aapt2   : No package ID 7f found for resource ID 0x7f0401ab.
     08-13 20:20:04.511 10700 10700 E aapt2   : No package ID 7f found for resource ID 0x7f040126.
     08-13 20:20:04.511 10700 10700 E aapt2   : No package ID 7f found for resource ID 0x7f0402d8.
     08-13 20:20:04.511 10700 10700 E aapt2   : No package ID 7f found for resource ID 0x7f0402d9.
     08-13 20:20:04.511 10700 10700 E aapt2   : No package ID 7f found for resource ID 0x7f040025.
     08-13 20:20:04.511 10700 10700 E aapt2   : No package ID 7f found for resource ID 0x7f0401f2.
     08-13 20:20:04.511 10700 10700 E aapt2   : No package ID 7f found for resource ID 0x7f040143.
     08-13 20:20:04.511 10700 10700 E aapt2   : No package ID 7f found for resource ID 0x7f040142.
     08-13 20:20:04.511 10700 10700 E aapt2   : No package ID 7f found for resource ID 0x7f040145.
     08-13 20:20:04.511 10700 10700 E aapt2   : No package ID 7f found for resource ID 0x7f040144.
     08-13 20:20:04.511 10700 10700 E aapt2   : No package ID 7f found for resource ID 0x7f040194.
     08-13 20:20:04.511 10700 10700 E aapt2   : No package ID 7f found for resource ID 0x7f040360.
     08-13 20:20:04.511 10700 10700 E aapt2   : No package ID 7f found for resource ID 0x7f0400ed.
     08-13 20:20:04.511 10700 10700 E aapt2   : No package ID 7f found for resource ID 0x7f04026e.
     08-13 20:20:04.511 10700 10700 E aapt2   : No package ID 7f found for resource ID 0x7f04026f.
     08-13 20:20:04.511 10700 10700 E aapt2   : No package ID 7f found for resource ID 0x7f0402bf.
     08-13 20:20:04.511 10700 10700 E aapt2   : No package ID 7f found for resource ID 0x7f040245.
     08-13 20:20:04.511 10700 10700 E aapt2   : No package ID 7f found for resource ID 0x7f0401aa.
     08-13 20:20:04.511 10700 10700 E aapt2   : No package ID 7f found for resource ID 0x7f0401f5.
     08-13 20:20:04.511 10700 10700 E aapt2   : No package ID 7f found for resource ID 0x7f0400cb.
     08-13 20:20:04.511 10700 10700 E aapt2   : No package ID 7f found for resource ID 0x7f040275.
     08-13 20:20:04.511 10700 10700 E aapt2   : No package ID 7f found for resource ID 0x7f040267.
     08-13 20:20:04.511 10700 10700 E aapt2   : No package ID 7f found for resource ID 0x7f04012c.
     08-13 20:20:04.511 10700 10700 E aapt2   : No package ID 7f found for resource ID 0x7f0402b7.
     08-13 20:20:04.511 10700 10700 E aapt2   : No package ID 7f found for resource ID 0x7f0402f0.
     08-13 20:20:04.511 10700 10700 E aapt2   : No package ID 7f found for resource ID 0x7f0402f1.
     08-13 20:20:04.511 10700 10700 E aapt2   : No package ID 7f found for resource ID 0x7f040334.
     08-13 20:20:04.511 10700 10700 E aapt2   : No package ID 7f found for resource ID 0x7f040333.
     08-13 20:20:04.511 10700 10700 E aapt2   : No package ID 7f found for resource ID 0x7f040332.
     08-13 20:20:04.511 10700 10700 E aapt2   : No package ID 7f found for resource ID 0x7f040331.
     08-13 20:20:04.511 10700 10700 E aapt2   : No package ID 7f found for resource ID 0x7f0402ab.
     08-13 20:20:04.511 10700 10700 E aapt2   : No package ID 7f found for resource ID 0x7f0402ae.
     08-13 20:20:04.511 10700 10700 E aapt2   : No package ID 7f found for resource ID 0x7f0402ea.
     08-13 20:20:04.511 10700 10700 E aapt2   : No package ID 7f found for resource ID 0x7f040191.
     08-13 20:20:04.511 10700 10700 E aapt2   : No package ID 7f found for resource ID 0x7f0400bc.
     08-13 20:20:04.511 10700 10700 E aapt2   : No package ID 7f found for resource ID 0x7f040271.
     08-13 20:20:04.511 10700 10700 E aapt2   : No package ID 7f found for resource ID 0x7f0402b1.
     08-13 20:20:04.511 10700 10700 E aapt2   : No package ID 7f found for resource ID 0x7f0402b5.
     08-13 20:20:04.511 10700 10700 E aapt2   : No package ID 7f found for resource ID 0x7f04020a.
     08-13 20:20:04.511 10700 10700 E aapt2   : No package ID 7f found for resource ID 0x7f0402b4.
     08-13 20:20:04.511 10700 10700 E aapt2   : No package ID 7f found for resource ID 0x7f0402b3.
     08-13 20:20:04.511 10700 10700 E aapt2   : No package ID 7f found for resource ID 0x7f0402d0.
     08-13 20:20:04.511 10700 10700 E aapt2   : No package ID 7f found for resource ID 0x7f0402d1.
     08-13 20:20:04.511 10700 10700 E aapt2   : No package ID 7f found for resource ID 0x7f0402cf.
     08-13 20:20:04.511 10700 10700 E aapt2   : No package ID 7f found for resource ID 0x7f0402ce.
     08-13 20:20:04.511 10700 10700 E aapt2   : No package ID 7f found for resource ID 0x7f0401f6.
     08-13 20:20:04.511 10700 10700 E aapt2   : No package ID 7f found for resource ID 0x7f0401ad.
     08-13 20:20:04.511 10700 10700 E aapt2   : No package ID 7f found for resource ID 0x7f04035d.
     08-13 20:20:04.511 10700 10700 E aapt2   : No package ID 7f found for resource ID 0x7f0400cc.
     08-13 20:20:04.511 10700 10700 E aapt2   : No package ID 7f found for resource ID 0x7f040244.
     com.lumora.app-mergeReleaseResources-50:/layout/activity_main.xml:1588: error: resource drawable/ic_concerts (aka com.korndog.tv:drawable/ic_concerts) not found.
     error: failed linking file resources.


* Try:
> Run with --info or --debug option to get more log output.
> Run with --scan to get full insights.
> Get more help at https://help.gradle.org.

* Exception is:
org.gradle.api.tasks.TaskExecutionException: Execution failed for task ':app:processReleaseResources'.
	at org.gradle.api.internal.tasks.execution.ExecuteActionsTaskExecuter.lambda$executeIfValid$1(ExecuteActionsTaskExecuter.java:130)
	at org.gradle.internal.Try$Failure.ifSuccessfulOrElse(Try.java:293)
	at org.gradle.api.internal.tasks.execution.ExecuteActionsTaskExecuter.executeIfValid(ExecuteActionsTaskExecuter.java:128)
	at org.gradle.api.internal.tasks.execution.ExecuteActionsTaskExecuter.execute(ExecuteActionsTaskExecuter.java:116)
	at org.gradle.api.internal.tasks.execution.ProblemsTaskPathTrackingTaskExecuter.execute(ProblemsTaskPathTrackingTaskExecuter.java:40)
	at org.gradle.api.internal.tasks.execution.FinalizePropertiesTaskExecuter.execute(FinalizePropertiesTaskExecuter.java:46)
	at org.gradle.api.internal.tasks.execution.ResolveTaskExecutionModeExecuter.execute(ResolveTaskExecutionModeExecuter.java:51)
	at org.gradle.api.internal.tasks.execution.SkipTaskWithNoActionsExecuter.execute(SkipTaskWithNoActionsExecuter.java:57)
	at org.gradle.api.internal.tasks.execution.SkipOnlyIfTaskExecuter.execute(SkipOnlyIfTaskExecuter.java:74)
	at org.gradle.api.internal.tasks.execution.CatchExceptionTaskExecuter.execute(CatchExceptionTaskExecuter.java:36)
	at org.gradle.api.internal.tasks.execution.EventFiringTaskExecuter$1.executeTask(EventFiringTaskExecuter.java:77)
	at org.gradle.api.internal.tasks.execution.EventFiringTaskExecuter$1.call(EventFiringTaskExecuter.java:55)
	at org.gradle.api.internal.tasks.execution.EventFiringTaskExecuter$1.call(EventFiringTaskExecuter.java:52)
	at org.gradle.internal.operations.DefaultBuildOperationRunner$CallableBuildOperationWorker.execute(DefaultBuildOperationRunner.java:209)
	at org.gradle.internal.operations.DefaultBuildOperationRunner$CallableBuildOperationWorker.execute(DefaultBuildOperationRunner.java:204)
	at org.gradle.internal.operations.DefaultBuildOperationRunner$2.execute(DefaultBuildOperationRunner.java:66)
	at org.gradle.internal.operations.DefaultBuildOperationRunner$2.execute(DefaultBuildOperationRunner.java:59)
	at org.gradle.internal.operations.DefaultBuildOperationRunner.execute(DefaultBuildOperationRunner.java:166)
	at org.gradle.internal.operations.DefaultBuildOperationRunner.execute(DefaultBuildOperationRunner.java:59)
	at org.gradle.internal.operations.DefaultBuildOperationRunner.call(DefaultBuildOperationRunner.java:53)
	at org.gradle.api.internal.tasks.execution.EventFiringTaskExecuter.execute(EventFiringTaskExecuter.java:52)
	at org.gradle.execution.plan.LocalTaskNodeExecutor.execute(LocalTaskNodeExecutor.java:42)
	at org.gradle.execution.taskgraph.DefaultTaskExecutionGraph$InvokeNodeExecutorsAction.execute(DefaultTaskExecutionGraph.java:331)
	at org.gradle.execution.taskgraph.DefaultTaskExecutionGraph$InvokeNodeExecutorsAction.execute(DefaultTaskExecutionGraph.java:318)
	at org.gradle.execution.taskgraph.DefaultTaskExecutionGraph$BuildOperationAwareExecutionAction.lambda$execute$0(DefaultTaskExecutionGraph.java:314)
	at org.gradle.internal.operations.CurrentBuildOperationRef.with(CurrentBuildOperationRef.java:85)
	at org.gradle.execution.taskgraph.DefaultTaskExecutionGraph$BuildOperationAwareExecutionAction.execute(DefaultTaskExecutionGraph.java:314)
	at org.gradle.execution.taskgraph.DefaultTaskExecutionGraph$BuildOperationAwareExecutionAction.execute(DefaultTaskExecutionGraph.java:303)
	at org.gradle.execution.plan.DefaultPlanExecutor$ExecutorWorker.execute(DefaultPlanExecutor.java:459)
	at org.gradle.execution.plan.DefaultPlanExecutor$ExecutorWorker.run(DefaultPlanExecutor.java:376)
	at org.gradle.execution.plan.DefaultPlanExecutor.process(DefaultPlanExecutor.java:111)
	at org.gradle.execution.taskgraph.DefaultTaskExecutionGraph.executeWithServices(DefaultTaskExecutionGraph.java:138)
	at org.gradle.execution.taskgraph.DefaultTaskExecutionGraph.execute(DefaultTaskExecutionGraph.java:123)
	at org.gradle.execution.SelectedTaskExecutionAction.execute(SelectedTaskExecutionAction.java:35)
	at org.gradle.execution.DryRunBuildExecutionAction.execute(DryRunBuildExecutionAction.java:51)
	at org.gradle.execution.BuildOperationFiringBuildWorkerExecutor$ExecuteTasks.call(BuildOperationFiringBuildWorkerExecutor.java:54)
	at org.gradle.execution.BuildOperationFiringBuildWorkerExecutor$ExecuteTasks.call(BuildOperationFiringBuildWorkerExecutor.java:43)
	at org.gradle.internal.operations.DefaultBuildOperationRunner$CallableBuildOperationWorker.execute(DefaultBuildOperationRunner.java:209)
	at org.gradle.internal.operations.DefaultBuildOperationRunner$CallableBuildOperationWorker.execute(DefaultBuildOperationRunner.java:204)
	at org.gradle.internal.operations.DefaultBuildOperationRunner$2.execute(DefaultBuildOperationRunner.java:66)
	at org.gradle.internal.operations.DefaultBuildOperationRunner$2.execute(DefaultBuildOperationRunner.java:59)
	at org.gradle.internal.operations.DefaultBuildOperationRunner.execute(DefaultBuildOperationRunner.java:166)
	at org.gradle.internal.operations.DefaultBuildOperationRunner.execute(DefaultBuildOperationRunner.java:59)
	at org.gradle.internal.operations.DefaultBuildOperationRunner.call(DefaultBuildOperationRunner.java:53)
	at org.gradle.execution.BuildOperationFiringBuildWorkerExecutor.execute(BuildOperationFiringBuildWorkerExecutor.java:40)
	at org.gradle.internal.build.DefaultBuildLifecycleController.lambda$executeTasks$10(DefaultBuildLifecycleController.java:313)
	at org.gradle.internal.model.StateTransitionController.doTransition(StateTransitionController.java:266)
	at org.gradle.internal.model.StateTransitionController.lambda$tryTransition$8(StateTransitionController.java:177)
	at org.gradle.internal.work.DefaultSynchronizer.withLock(DefaultSynchronizer.java:46)
	at org.gradle.internal.model.StateTransitionController.tryTransition(StateTransitionController.java:177)
	at org.gradle.internal.build.DefaultBuildLifecycleController.executeTasks(DefaultBuildLifecycleController.java:304)
	at org.gradle.internal.build.DefaultBuildWorkGraphController$DefaultBuildWorkGraph.runWork(DefaultBuildWorkGraphController.java:220)
	at org.gradle.internal.work.DefaultWorkerLeaseService.withLocks(DefaultWorkerLeaseService.java:263)
	at org.gradle.internal.work.DefaultWorkerLeaseService.runAsWorkerThread(DefaultWorkerLeaseService.java:127)
	at org.gradle.composite.internal.DefaultBuildController.doRun(DefaultBuildController.java:181)
	at org.gradle.composite.internal.DefaultBuildController.access$000(DefaultBuildController.java:50)
	at org.gradle.composite.internal.DefaultBuildController$BuildOpRunnable.lambda$run$0(DefaultBuildController.java:198)
	at org.gradle.internal.operations.CurrentBuildOperationRef.with(CurrentBuildOperationRef.java:85)
	at org.gradle.composite.internal.DefaultBuildController$BuildOpRunnable.run(DefaultBuildController.java:198)
	at org.gradle.internal.concurrent.ExecutorPolicy$CatchAndRecordFailures.onExecute(ExecutorPolicy.java:64)
	at org.gradle.internal.concurrent.AbstractManagedExecutor$1.run(AbstractManagedExecutor.java:48)
Caused by: org.gradle.workers.internal.DefaultWorkerExecutor$WorkExecutionException: A failure occurred while executing com.android.build.gradle.internal.res.LinkApplicationAndroidResourcesTask$TaskAction
	at org.gradle.workers.internal.DefaultWorkerExecutor$WorkItemExecution.waitForCompletion(DefaultWorkerExecutor.java:287)
	at org.gradle.internal.work.DefaultAsyncWorkTracker.lambda$waitForItemsAndGatherFailures$2(DefaultAsyncWorkTracker.java:130)
	at org.gradle.internal.Factories$1.create(Factories.java:31)
	at org.gradle.internal.work.DefaultWorkerLeaseService.withoutLocks(DefaultWorkerLeaseService.java:335)
	at org.gradle.internal.work.DefaultWorkerLeaseService.withoutLocks(DefaultWorkerLeaseService.java:318)
	at org.gradle.internal.work.DefaultWorkerLeaseService.withoutLock(DefaultWorkerLeaseService.java:323)
	at org.gradle.internal.work.DefaultAsyncWorkTracker.waitForItemsAndGatherFailures(DefaultAsyncWorkTracker.java:126)
	at org.gradle.internal.work.DefaultAsyncWorkTracker.waitForItemsAndGatherFailures(DefaultAsyncWorkTracker.java:92)
	at org.gradle.internal.work.DefaultAsyncWorkTracker.waitForAll(DefaultAsyncWorkTracker.java:78)
	at org.gradle.internal.work.DefaultAsyncWorkTracker.waitForCompletion(DefaultAsyncWorkTracker.java:66)
	at org.gradle.api.internal.tasks.execution.TaskExecution$3.run(TaskExecution.java:252)
	at org.gradle.internal.operations.DefaultBuildOperationRunner$1.execute(DefaultBuildOperationRunner.java:29)
	at org.gradle.internal.operations.DefaultBuildOperationRunner$1.execute(DefaultBuildOperationRunner.java:26)
	at org.gradle.internal.operations.DefaultBuildOperationRunner$2.execute(DefaultBuildOperationRunner.java:66)
	at org.gradle.internal.operations.DefaultBuildOperationRunner$2.execute(DefaultBuildOperationRunner.java:59)
	at org.gradle.internal.operations.DefaultBuildOperationRunner.execute(DefaultBuildOperationRunner.java:166)
	at org.gradle.internal.operations.DefaultBuildOperationRunner.execute(DefaultBuildOperationRunner.java:59)
	at org.gradle.internal.operations.DefaultBuildOperationRunner.run(DefaultBuildOperationRunner.java:47)
	at org.gradle.api.internal.tasks.execution.TaskExecution.executeAction(TaskExecution.java:229)
	at org.gradle.api.internal.tasks.execution.TaskExecution.executeActions(TaskExecution.java:212)
	at org.gradle.api.internal.tasks.execution.TaskExecution.executeWithPreviousOutputFiles(TaskExecution.java:195)
	at org.gradle.api.internal.tasks.execution.TaskExecution.execute(TaskExecution.java:162)
	at org.gradle.internal.execution.steps.ExecuteStep.executeInternal(ExecuteStep.java:105)
	at org.gradle.internal.execution.steps.ExecuteStep.access$000(ExecuteStep.java:44)
	at org.gradle.internal.execution.steps.ExecuteStep$1.call(ExecuteStep.java:59)
	at org.gradle.internal.execution.steps.ExecuteStep$1.call(ExecuteStep.java:56)
	at org.gradle.internal.operations.DefaultBuildOperationRunner$CallableBuildOperationWorker.execute(DefaultBuildOperationRunner.java:209)
	at org.gradle.internal.operations.DefaultBuildOperationRunner$CallableBuildOperationWorker.execute(DefaultBuildOperationRunner.java:204)
	at org.gradle.internal.operations.DefaultBuildOperationRunner$2.execute(DefaultBuildOperationRunner.java:66)
	at org.gradle.internal.operations.DefaultBuildOperationRunner$2.execute(DefaultBuildOperationRunner.java:59)
	at org.gradle.internal.operations.DefaultBuildOperationRunner.execute(DefaultBuildOperationRunner.java:166)
	at org.gradle.internal.operations.DefaultBuildOperationRunner.execute(DefaultBuildOperationRunner.java:59)
	at org.gradle.internal.operations.DefaultBuildOperationRunner.call(DefaultBuildOperationRunner.java:53)
	at org.gradle.internal.execution.steps.ExecuteStep.execute(ExecuteStep.java:56)
	at org.gradle.internal.execution.steps.ExecuteStep.execute(ExecuteStep.java:44)
	at org.gradle.internal.execution.steps.CancelExecutionStep.execute(CancelExecutionStep.java:42)
	at org.gradle.internal.execution.steps.TimeoutStep.executeWithoutTimeout(TimeoutStep.java:75)
	at org.gradle.internal.execution.steps.TimeoutStep.execute(TimeoutStep.java:55)
	at org.gradle.internal.execution.steps.PreCreateOutputParentsStep.execute(PreCreateOutputParentsStep.java:50)
	at org.gradle.internal.execution.steps.PreCreateOutputParentsStep.execute(PreCreateOutputParentsStep.java:28)
	at org.gradle.internal.execution.steps.RemovePreviousOutputsStep.execute(RemovePreviousOutputsStep.java:67)
	at org.gradle.internal.execution.steps.RemovePreviousOutputsStep.execute(RemovePreviousOutputsStep.java:37)
	at org.gradle.internal.execution.steps.BroadcastChangingOutputsStep.execute(BroadcastChangingOutputsStep.java:61)
	at org.gradle.internal.execution.steps.BroadcastChangingOutputsStep.execute(BroadcastChangingOutputsStep.java:26)
	at org.gradle.internal.execution.steps.CaptureOutputsAfterExecutionStep.execute(CaptureOutputsAfterExecutionStep.java:69)
	at org.gradle.internal.execution.steps.CaptureOutputsAfterExecutionStep.execute(CaptureOutputsAfterExecutionStep.java:46)
	at org.gradle.internal.execution.steps.ResolveInputChangesStep.execute(ResolveInputChangesStep.java:40)
	at org.gradle.internal.execution.steps.ResolveInputChangesStep.execute(ResolveInputChangesStep.java:29)
	at org.gradle.internal.execution.steps.BuildCacheStep.executeWithoutCache(BuildCacheStep.java:189)
	at org.gradle.internal.execution.steps.BuildCacheStep.executeAndStoreInCache(BuildCacheStep.java:145)
	at org.gradle.internal.execution.steps.BuildCacheStep.lambda$executeWithCache$4(BuildCacheStep.java:101)
	at org.gradle.internal.execution.steps.BuildCacheStep.lambda$executeWithCache$5(BuildCacheStep.java:101)
	at org.gradle.internal.Try$Success.map(Try.java:175)
	at org.gradle.internal.execution.steps.BuildCacheStep.executeWithCache(BuildCacheStep.java:85)
	at org.gradle.internal.execution.steps.BuildCacheStep.lambda$execute$0(BuildCacheStep.java:74)
	at org.gradle.internal.Either$Left.fold(Either.java:115)
	at org.gradle.internal.execution.caching.CachingState.fold(CachingState.java:62)
	at org.gradle.internal.execution.steps.BuildCacheStep.execute(BuildCacheStep.java:73)
	at org.gradle.internal.execution.steps.BuildCacheStep.execute(BuildCacheStep.java:48)
	at org.gradle.internal.execution.steps.StoreExecutionStateStep.execute(StoreExecutionStateStep.java:46)
	at org.gradle.internal.execution.steps.StoreExecutionStateStep.execute(StoreExecutionStateStep.java:35)
	at org.gradle.internal.execution.steps.SkipUpToDateStep.executeBecause(SkipUpToDateStep.java:75)
	at org.gradle.internal.execution.steps.SkipUpToDateStep.lambda$execute$2(SkipUpToDateStep.java:53)
	at org.gradle.internal.execution.steps.SkipUpToDateStep.execute(SkipUpToDateStep.java:53)
	at org.gradle.internal.execution.steps.SkipUpToDateStep.execute(SkipUpToDateStep.java:35)
	at org.gradle.internal.execution.steps.legacy.MarkSnapshottingInputsFinishedStep.execute(MarkSnapshottingInputsFinishedStep.java:37)
	at org.gradle.internal.execution.steps.legacy.MarkSnapshottingInputsFinishedStep.execute(MarkSnapshottingInputsFinishedStep.java:27)
	at org.gradle.internal.execution.steps.ResolveIncrementalCachingStateStep.executeDelegate(ResolveIncrementalCachingStateStep.java:49)
	at org.gradle.internal.execution.steps.ResolveIncrementalCachingStateStep.executeDelegate(ResolveIncrementalCachingStateStep.java:27)
	at org.gradle.internal.execution.steps.AbstractResolveCachingStateStep.execute(AbstractResolveCachingStateStep.java:71)
	at org.gradle.internal.execution.steps.AbstractResolveCachingStateStep.execute(AbstractResolveCachingStateStep.java:39)
	at org.gradle.internal.execution.steps.ResolveChangesStep.execute(ResolveChangesStep.java:65)
	at org.gradle.internal.execution.steps.ResolveChangesStep.execute(ResolveChangesStep.java:36)
	at org.gradle.internal.execution.steps.ValidateStep.execute(ValidateStep.java:107)
	at org.gradle.internal.execution.steps.ValidateStep.execute(ValidateStep.java:56)
	at org.gradle.internal.execution.steps.AbstractCaptureStateBeforeExecutionStep.execute(AbstractCaptureStateBeforeExecutionStep.java:64)
	at org.gradle.internal.execution.steps.AbstractCaptureStateBeforeExecutionStep.execute(AbstractCaptureStateBeforeExecutionStep.java:43)
	at org.gradle.internal.execution.steps.AbstractSkipEmptyWorkStep.executeWithNonEmptySources(AbstractSkipEmptyWorkStep.java:125)
	at org.gradle.internal.execution.steps.AbstractSkipEmptyWorkStep.execute(AbstractSkipEmptyWorkStep.java:56)
	at org.gradle.internal.execution.steps.AbstractSkipEmptyWorkStep.execute(AbstractSkipEmptyWorkStep.java:36)
	at org.gradle.internal.execution.steps.legacy.MarkSnapshottingInputsStartedStep.execute(MarkSnapshottingInputsStartedStep.java:38)
	at org.gradle.internal.execution.steps.LoadPreviousExecutionStateStep.execute(LoadPreviousExecutionStateStep.java:36)
	at org.gradle.internal.execution.steps.LoadPreviousExecutionStateStep.execute(LoadPreviousExecutionStateStep.java:23)
	at org.gradle.internal.execution.steps.HandleStaleOutputsStep.execute(HandleStaleOutputsStep.java:75)
	at org.gradle.internal.execution.steps.HandleStaleOutputsStep.execute(HandleStaleOutputsStep.java:41)
	at org.gradle.internal.execution.steps.AssignMutableWorkspaceStep.lambda$execute$0(AssignMutableWorkspaceStep.java:35)
	at org.gradle.api.internal.tasks.execution.TaskExecution$4.withWorkspace(TaskExecution.java:289)
	at org.gradle.internal.execution.steps.AssignMutableWorkspaceStep.execute(AssignMutableWorkspaceStep.java:31)
	at org.gradle.internal.execution.steps.AssignMutableWorkspaceStep.execute(AssignMutableWorkspaceStep.java:22)
	at org.gradle.internal.execution.steps.ChoosePipelineStep.execute(ChoosePipelineStep.java:40)
	at org.gradle.internal.execution.steps.ChoosePipelineStep.execute(ChoosePipelineStep.java:23)
	at org.gradle.internal.execution.steps.ExecuteWorkBuildOperationFiringStep.lambda$execute$2(ExecuteWorkBuildOperationFiringStep.java:67)
	at org.gradle.internal.execution.steps.ExecuteWorkBuildOperationFiringStep.execute(ExecuteWorkBuildOperationFiringStep.java:67)
	at org.gradle.internal.execution.steps.ExecuteWorkBuildOperationFiringStep.execute(ExecuteWorkBuildOperationFiringStep.java:39)
	at org.gradle.internal.execution.steps.IdentityCacheStep.execute(IdentityCacheStep.java:46)
	at org.gradle.internal.execution.steps.IdentityCacheStep.execute(IdentityCacheStep.java:34)
	at org.gradle.internal.execution.steps.IdentifyStep.execute(IdentifyStep.java:48)
	at org.gradle.internal.execution.steps.IdentifyStep.execute(IdentifyStep.java:35)
	at org.gradle.internal.execution.impl.DefaultExecutionEngine$1.execute(DefaultExecutionEngine.java:61)
	at org.gradle.api.internal.tasks.execution.ExecuteActionsTaskExecuter.executeIfValid(ExecuteActionsTaskExecuter.java:127)
	at org.gradle.api.internal.tasks.execution.ExecuteActionsTaskExecuter.execute(ExecuteActionsTaskExecuter.java:116)
	at org.gradle.api.internal.tasks.execution.ProblemsTaskPathTrackingTaskExecuter.execute(ProblemsTaskPathTrackingTaskExecuter.java:40)
	at org.gradle.api.internal.tasks.execution.FinalizePropertiesTaskExecuter.execute(FinalizePropertiesTaskExecuter.java:46)
	at org.gradle.api.internal.tasks.execution.ResolveTaskExecutionModeExecuter.execute(ResolveTaskExecutionModeExecuter.java:51)
	at org.gradle.api.internal.tasks.execution.SkipTaskWithNoActionsExecuter.execute(SkipTaskWithNoActionsExecuter.java:57)
	at org.gradle.api.internal.tasks.execution.SkipOnlyIfTaskExecuter.execute(SkipOnlyIfTaskExecuter.java:74)
	at org.gradle.api.internal.tasks.execution.CatchExceptionTaskExecuter.execute(CatchExceptionTaskExecuter.java:36)
	at org.gradle.api.internal.tasks.execution.EventFiringTaskExecuter$1.executeTask(EventFiringTaskExecuter.java:77)
	at org.gradle.api.internal.tasks.execution.EventFiringTaskExecuter$1.call(EventFiringTaskExecuter.java:55)
	at org.gradle.api.internal.tasks.execution.EventFiringTaskExecuter$1.call(EventFiringTaskExecuter.java:52)
	at org.gradle.internal.operations.DefaultBuildOperationRunner$CallableBuildOperationWorker.execute(DefaultBuildOperationRunner.java:209)
	at org.gradle.internal.operations.DefaultBuildOperationRunner$CallableBuildOperationWorker.execute(DefaultBuildOperationRunner.java:204)
	at org.gradle.internal.operations.DefaultBuildOperationRunner$2.execute(DefaultBuildOperationRunner.java:66)
	at org.gradle.internal.operations.DefaultBuildOperationRunner$2.execute(DefaultBuildOperationRunner.java:59)
	at org.gradle.internal.operations.DefaultBuildOperationRunner.execute(DefaultBuildOperationRunner.java:166)
	at org.gradle.internal.operations.DefaultBuildOperationRunner.execute(DefaultBuildOperationRunner.java:59)
	at org.gradle.internal.operations.DefaultBuildOperationRunner.call(DefaultBuildOperationRunner.java:53)
	at org.gradle.api.internal.tasks.execution.EventFiringTaskExecuter.execute(EventFiringTaskExecuter.java:52)
	at org.gradle.execution.plan.LocalTaskNodeExecutor.execute(LocalTaskNodeExecutor.java:42)
	at org.gradle.execution.taskgraph.DefaultTaskExecutionGraph$InvokeNodeExecutorsAction.execute(DefaultTaskExecutionGraph.java:331)
	at org.gradle.execution.taskgraph.DefaultTaskExecutionGraph$InvokeNodeExecutorsAction.execute(DefaultTaskExecutionGraph.java:318)
	at org.gradle.execution.taskgraph.DefaultTaskExecutionGraph$BuildOperationAwareExecutionAction.lambda$execute$0(DefaultTaskExecutionGraph.java:314)
	at org.gradle.internal.operations.CurrentBuildOperationRef.with(CurrentBuildOperationRef.java:85)
	at org.gradle.execution.taskgraph.DefaultTaskExecutionGraph$BuildOperationAwareExecutionAction.execute(DefaultTaskExecutionGraph.java:314)
	at org.gradle.execution.taskgraph.DefaultTaskExecutionGraph$BuildOperationAwareExecutionAction.execute(DefaultTaskExecutionGraph.java:303)
	at org.gradle.execution.plan.DefaultPlanExecutor$ExecutorWorker.execute(DefaultPlanExecutor.java:459)
	at org.gradle.execution.plan.DefaultPlanExecutor$ExecutorWorker.run(DefaultPlanExecutor.java:376)
	at org.gradle.execution.plan.DefaultPlanExecutor.process(DefaultPlanExecutor.java:111)
	at org.gradle.execution.taskgraph.DefaultTaskExecutionGraph.executeWithServices(DefaultTaskExecutionGraph.java:138)
	at org.gradle.execution.taskgraph.DefaultTaskExecutionGraph.execute(DefaultTaskExecutionGraph.java:123)
	at org.gradle.execution.SelectedTaskExecutionAction.execute(SelectedTaskExecutionAction.java:35)
	at org.gradle.execution.DryRunBuildExecutionAction.execute(DryRunBuildExecutionAction.java:51)
	at org.gradle.execution.BuildOperationFiringBuildWorkerExecutor$ExecuteTasks.call(BuildOperationFiringBuildWorkerExecutor.java:54)
	at org.gradle.execution.BuildOperationFiringBuildWorkerExecutor$ExecuteTasks.call(BuildOperationFiringBuildWorkerExecutor.java:43)
	at org.gradle.internal.operations.DefaultBuildOperationRunner$CallableBuildOperationWorker.execute(DefaultBuildOperationRunner.java:209)
	at org.gradle.internal.operations.DefaultBuildOperationRunner$CallableBuildOperationWorker.execute(DefaultBuildOperationRunner.java:204)
	at org.gradle.internal.operations.DefaultBuildOperationRunner$2.execute(DefaultBuildOperationRunner.java:66)
	at org.gradle.internal.operations.DefaultBuildOperationRunner$2.execute(DefaultBuildOperationRunner.java:59)
	at org.gradle.internal.operations.DefaultBuildOperationRunner.execute(DefaultBuildOperationRunner.java:166)
	at org.gradle.internal.operations.DefaultBuildOperationRunner.execute(DefaultBuildOperationRunner.java:59)
	at org.gradle.internal.operations.DefaultBuildOperationRunner.call(DefaultBuildOperationRunner.java:53)
	at org.gradle.execution.BuildOperationFiringBuildWorkerExecutor.execute(BuildOperationFiringBuildWorkerExecutor.java:40)
	at org.gradle.internal.build.DefaultBuildLifecycleController.lambda$executeTasks$10(DefaultBuildLifecycleController.java:313)
	at org.gradle.internal.model.StateTransitionController.doTransition(StateTransitionController.java:266)
	at org.gradle.internal.model.StateTransitionController.lambda$tryTransition$8(StateTransitionController.java:177)
	at org.gradle.internal.work.DefaultSynchronizer.withLock(DefaultSynchronizer.java:46)
	at org.gradle.internal.model.StateTransitionController.tryTransition(StateTransitionController.java:177)
	at org.gradle.internal.build.DefaultBuildLifecycleController.executeTasks(DefaultBuildLifecycleController.java:304)
	at org.gradle.internal.build.DefaultBuildWorkGraphController$DefaultBuildWorkGraph.runWork(DefaultBuildWorkGraphController.java:220)
	at org.gradle.internal.work.DefaultWorkerLeaseService.withLocks(DefaultWorkerLeaseService.java:263)
	at org.gradle.internal.work.DefaultWorkerLeaseService.runAsWorkerThread(DefaultWorkerLeaseService.java:127)
	at org.gradle.composite.internal.DefaultBuildController.doRun(DefaultBuildController.java:181)
	at org.gradle.composite.internal.DefaultBuildController.access$000(DefaultBuildController.java:50)
	at org.gradle.composite.internal.DefaultBuildController$BuildOpRunnable.lambda$run$0(DefaultBuildController.java:198)
	at org.gradle.internal.operations.CurrentBuildOperationRef.with(CurrentBuildOperationRef.java:85)
	at org.gradle.composite.internal.DefaultBuildController$BuildOpRunnable.run(DefaultBuildController.java:198)
	at org.gradle.internal.concurrent.ExecutorPolicy$CatchAndRecordFailures.onExecute(ExecutorPolicy.java:64)
	at org.gradle.internal.concurrent.AbstractManagedExecutor$1.run(AbstractManagedExecutor.java:48)
Caused by: com.android.builder.internal.aapt.v2.Aapt2Exception: Android resource linking failed
08-13 20:20:04.507 10700 10700 E aapt2   : No package ID 7f found for resource ID 0x7f040240.
08-13 20:20:04.507 10700 10700 E aapt2   : No package ID 7f found for resource ID 0x7f040104.
08-13 20:20:04.507 10700 10700 E aapt2   : No package ID 7f found for resource ID 0x7f040345.
08-13 20:20:04.507 10700 10700 E aapt2   : No package ID 7f found for resource ID 0x7f040305.
08-13 20:20:04.507 10700 10700 E aapt2   : No package ID 7f found for resource ID 0x7f040195.
08-13 20:20:04.507 10700 10700 E aapt2   : No package ID 7f found for resource ID 0x7f040105.
08-13 20:20:04.507 10700 10700 E aapt2   : No package ID 7f found for resource ID 0x7f040046.
08-13 20:20:04.507 10700 10700 E aapt2   : No package ID 7f found for resource ID 0x7f040048.
08-13 20:20:04.507 10700 10700 E aapt2   : No package ID 7f found for resource ID 0x7f040047.
08-13 20:20:04.507 10700 10700 E aapt2   : No package ID 7f found for resource ID 0x7f0400e9.
08-13 20:20:04.507 10700 10700 E aapt2   : No package ID 7f found for resource ID 0x7f04018d.
08-13 20:20:04.507 10700 10700 E aapt2   : No package ID 7f found for resource ID 0x7f040193.
08-13 20:20:04.507 10700 10700 E aapt2   : No package ID 7f found for resource ID 0x7f040297.
08-13 20:20:04.507 10700 10700 E aapt2   : No package ID 7f found for resource ID 0x7f0401a9.
08-13 20:20:04.507 10700 10700 E aapt2   : No package ID 7f found for resource ID 0x7f040296.
08-13 20:20:04.507 10700 10700 E aapt2   : No package ID 7f found for resource ID 0x7f040192.
08-13 20:20:04.507 10700 10700 E aapt2   : No package ID 7f found for resource ID 0x7f0401af.
08-13 20:20:04.507 10700 10700 E aapt2   : No package ID 7f found for resource ID 0x7f04018e.
08-13 20:20:04.507 10700 10700 E aapt2   : No package ID 7f found for resource ID 0x7f040120.
08-13 20:20:04.507 10700 10700 E aapt2   : No package ID 7f found for resource ID 0x7f040292.
08-13 20:20:04.507 10700 10700 E aapt2   : No package ID 7f found for resource ID 0x7f0400bb.
08-13 20:20:04.507 10700 10700 E aapt2   : No package ID 7f found for resource ID 0x7f0401ac.
08-13 20:20:04.507 10700 10700 E aapt2   : No package ID 7f found for resource ID 0x7f040123.
08-13 20:20:04.507 10700 10700 E aapt2   : No package ID 7f found for resource ID 0x7f04006b.
08-13 20:20:04.507 10700 10700 E aapt2   : No package ID 7f found for resource ID 0x7f0401fe.
08-13 20:20:04.507 10700 10700 E aapt2   : No package ID 7f found for resource ID 0x7f04023d.
08-13 20:20:04.507 10700 10700 E aapt2   : No package ID 7f found for resource ID 0x7f0402ee.
08-13 20:20:04.507 10700 10700 E aapt2   : No package ID 7f found for resource ID 0x7f0401fd.
08-13 20:20:04.507 10700 10700 E aapt2   : No package ID 7f found for resource ID 0x7f0402e0.
08-13 20:20:04.507 10700 10700 E aapt2   : No package ID 7f found for resource ID 0x7f04006a.
08-13 20:20:04.508 10700 10700 E aapt2   : No package ID 7f found for resource ID 0x7f0402fc.
08-13 20:20:04.508 10700 10700 E aapt2   : No package ID 7f found for resource ID 0x7f04033a.
08-13 20:20:04.508 10700 10700 E aapt2   : No package ID 7f found for resource ID 0x7f04033b.
08-13 20:20:04.508 10700 10700 E aapt2   : No package ID 7f found for resource ID 0x7f040335.
08-13 20:20:04.508 10700 10700 E aapt2   : No package ID 7f found for resource ID 0x7f040336.
08-13 20:20:04.508 10700 10700 E aapt2   : No package ID 7f found for resource ID 0x7f040337.
08-13 20:20:04.508 10700 10700 E aapt2   : No package ID 7f found for resource ID 0x7f040312.
08-13 20:20:04.508 10700 10700 E aapt2   : No package ID 7f found for resource ID 0x7f040323.
08-13 20:20:04.508 10700 10700 E aapt2   : No package ID 7f found for resource ID 0x7f040043.
08-13 20:20:04.508 10700 10700 E aapt2   : No package ID 7f found for resource ID 0x7f040042.
08-13 20:20:04.508 10700 10700 E aapt2   : No package ID 7f found for resource ID 0x7f040041.
08-13 20:20:04.508 10700 10700 E aapt2   : No package ID 7f found for resource ID 0x7f040040.
08-13 20:20:04.508 10700 10700 E aapt2   : No package ID 7f found for resource ID 0x7f04003f.
08-13 20:20:04.508 10700 10700 E aapt2   : No package ID 7f found for resource ID 0x7f040147.
08-13 20:20:04.508 10700 10700 E aapt2   : No package ID 7f found for resource ID 0x7f0401f8.
08-13 20:20:04.508 10700 10700 E aapt2   : No package ID 7f found for resource ID 0x7f04012e.
08-13 20:20:04.508 10700 10700 E aapt2   : No package ID 7f found for resource ID 0x7f0401b4.
08-13 20:20:04.508 10700 10700 E aapt2   : No package ID 7f found for resource ID 0x7f040150.
08-13 20:20:04.508 10700 10700 E aapt2   : No package ID 7f found for resource ID 0x7f040112.
08-13 20:20:04.508 10700 10700 E aapt2   : No package ID 7f found for resource ID 0x7f040118.
08-13 20:20:04.508 10700 10700 E aapt2   : No package ID 7f found for resource ID 0x7f040113.
08-13 20:20:04.508 10700 10700 E aapt2   : No package ID 7f found for resource ID 0x7f040110.
08-13 20:20:04.508 10700 10700 E aapt2   : No package ID 7f found for resource ID 0x7f040115.
08-13 20:20:04.508 10700 10700 E aapt2   : No package ID 7f found for resource ID 0x7f040111.
08-13 20:20:04.508 10700 10700 E aapt2   : No package ID 7f found for resource ID 0x7f040116.
08-13 20:20:04.508 10700 10700 E aapt2   : No package ID 7f found for resource ID 0x7f040117.
08-13 20:20:04.508 10700 10700 E aapt2   : No package ID 7f found for resource ID 0x7f040121.
08-13 20:20:04.508 10700 10700 E aapt2   : No package ID 7f found for resource ID 0x7f040370.
08-13 20:20:04.508 10700 10700 E aapt2   : No package ID 7f found for resource ID 0x7f040379.
08-13 20:20:04.508 10700 10700 E aapt2   : No package ID 7f found for resource ID 0x7f040371.
08-13 20:20:04.508 10700 10700 E aapt2   : No package ID 7f found for resource ID 0x7f040372.
08-13 20:20:04.508 10700 10700 E aapt2   : No package ID 7f found for resource ID 0x7f040375.
08-13 20:20:04.508 10700 10700 E aapt2   : No package ID 7f found for resource ID 0x7f040374.
08-13 20:20:04.508 10700 10700 E aapt2   : No package ID 7f found for resource ID 0x7f040376.
08-13 20:20:04.508 10700 10700 E aapt2   : No package ID 7f found for resource ID 0x7f040373.
08-13 20:20:04.508 10700 10700 E aapt2   : No package ID 7f found for resource ID 0x7f040377.
08-13 20:20:04.508 10700 10700 E aapt2   : No package ID 7f found for resource ID 0x7f040378.
08-13 20:20:04.508 10700 10700 E aapt2   : No package ID 7f found for resource ID 0x7f040009.
08-13 20:20:04.508 10700 10700 E aapt2   : No package ID 7f found for resource ID 0x7f040008.
08-13 20:20:04.508 10700 10700 E aapt2   : No package ID 7f found for resource ID 0x7f04000a.
08-13 20:20:04.508 10700 10700 E aapt2   : No package ID 7f found for resource ID 0x7f040021.
08-13 20:20:04.508 10700 10700 E aapt2   : No package ID 7f found for resource ID 0x7f040022.
08-13 20:20:04.508 10700 10700 E aapt2   : No package ID 7f found for resource ID 0x7f040004.
08-13 20:20:04.508 10700 10700 E aapt2   : No package ID 7f found for resource ID 0x7f040007.
08-13 20:20:04.508 10700 10700 E aapt2   : No package ID 7f found for resource ID 0x7f040006.
08-13 20:20:04.508 10700 10700 E aapt2   : No package ID 7f found for resource ID 0x7f04000b.
08-13 20:20:04.508 10700 10700 E aapt2   : No package ID 7f found for resource ID 0x7f04001f.
08-13 20:20:04.508 10700 10700 E aapt2   : No package ID 7f found for resource ID 0x7f04000c.
08-13 20:20:04.508 10700 10700 E aapt2   : No package ID 7f found for resource ID 0x7f040005.
08-13 20:20:04.508 10700 10700 E aapt2   : No package ID 7f found for resource ID 0x7f040002.
08-13 20:20:04.508 10700 10700 E aapt2   : No package ID 7f found for resource ID 0x7f040003.
08-13 20:20:04.508 10700 10700 E aapt2   : No package ID 7f found for resource ID 0x7f040010.
08-13 20:20:04.508 10700 10700 E aapt2   : No package ID 7f found for resource ID 0x7f040011.
08-13 20:20:04.508 10700 10700 E aapt2   : No package ID 7f found for resource ID 0x7f04001e.
08-13 20:20:04.508 10700 10700 E aapt2   : No package ID 7f found for resource ID 0x7f040013.
08-13 20:20:04.508 10700 10700 E aapt2   : No package ID 7f found for resource ID 0x7f040012.
08-13 20:20:04.508 10700 10700 E aapt2   : No package ID 7f found for resource ID 0x7f04001d.
08-13 20:20:04.508 10700 10700 E aapt2   : No package ID 7f found for resource ID 0x7f040015.
08-13 20:20:04.508 10700 10700 E aapt2   : No package ID 7f found for resource ID 0x7f040017.
08-13 20:20:04.508 10700 10700 E aapt2   : No package ID 7f found for resource ID 0x7f040016.
08-13 20:20:04.508 10700 10700 E aapt2   : No package ID 7f found for resource ID 0x7f040019.
08-13 20:20:04.508 10700 10700 E aapt2   : No package ID 7f found for resource ID 0x7f04001b.
08-13 20:20:04.508 10700 10700 E aapt2   : No package ID 7f found for resource ID 0x7f04001c.
08-13 20:20:04.508 10700 10700 E aapt2   : No package ID 7f found for resource ID 0x7f040018.
08-13 20:20:04.508 10700 10700 E aapt2   : No package ID 7f found for resource ID 0x7f040020.
08-13 20:20:04.508 10700 10700 E aapt2   : No package ID 7f found for resource ID 0x7f040014.
08-13 20:20:04.508 10700 10700 E aapt2   : No package ID 7f found for resource ID 0x7f04001a.
08-13 20:20:04.508 10700 10700 E aapt2   : No package ID 7f found for resource ID 0x7f040313.
08-13 20:20:04.508 10700 10700 E aapt2   : No package ID 7f found for resource ID 0x7f04031a.
08-13 20:20:04.508 10700 10700 E aapt2   : No package ID 7f found for resource ID 0x7f040317.
08-13 20:20:04.508 10700 10700 E aapt2   : No package ID 7f found for resource ID 0x7f040103.
08-13 20:20:04.508 10700 10700 E aapt2   : No package ID 7f found for resource ID 0x7f040102.
08-13 20:20:04.508 10700 10700 E aapt2   : No package ID 7f found for resource ID 0x7f0401fc.
08-13 20:20:04.508 10700 10700 E aapt2   : No package ID 7f found for resource ID 0x7f040101.
08-13 20:20:04.508 10700 10700 E aapt2   : No package ID 7f found for resource ID 0x7f04000e.
08-13 20:20:04.508 10700 10700 E aapt2   : No package ID 7f found for resource ID 0x7f04011b.
08-13 20:20:04.508 10700 10700 E aapt2   : No package ID 7f found for resource ID 0x7f0402f4.
08-13 20:20:04.508 10700 10700 E aapt2   : No package ID 7f found for resource ID 0x7f04000d.
08-13 20:20:04.508 10700 10700 E aapt2   : No package ID 7f found for resource ID 0x7f040067.
08-13 20:20:04.508 10700 10700 E aapt2   : No package ID 7f found for resource ID 0x7f040063.
08-13 20:20:04.508 10700 10700 E aapt2   : No package ID 7f found for resource ID 0x7f0402d6.
08-13 20:20:04.508 10700 10700 E aapt2   : No package ID 7f found for resource ID 0x7f0402d7.
08-13 20:20:04.508 10700 10700 E aapt2   : No package ID 7f found for resource ID 0x7f040055.
08-13 20:20:04.508 10700 10700 E aapt2   : No package ID 7f found for resource ID 0x7f040108.
08-13 20:20:04.508 10700 10700 E aapt2   : No package ID 7f found for resource ID 0x7f040106.
08-13 20:20:04.508 10700 10700 E aapt2   : No package ID 7f found for resource ID 0x7f040026.
08-13 20:20:04.508 10700 10700 E aapt2   : No package ID 7f found for resource ID 0x7f040347.
08-13 20:20:04.508 10700 10700 E aapt2   : No package ID 7f found for resource ID 0x7f040346.
08-13 20:20:04.508 10700 10700 E aapt2   : No package ID 7f found for resource ID 0x7f040291.
08-13 20:20:04.508 10700 10700 E aapt2   : No package ID 7f found for resource ID 0x7f040293.
08-13 20:20:04.508 10700 10700 E aapt2   : No package ID 7f found for resource ID 0x7f04011e.
08-13 20:20:04.508 10700 10700 E aapt2   : No package ID 7f found for resource ID 0x7f04011d.
08-13 20:20:04.508 10700 10700 E aapt2   : No package ID 7f found for resource ID 0x7f04019d.
08-13 20:20:04.508 10700 10700 E aapt2   : No package ID 7f found for resource ID 0x7f040319.
08-13 20:20:04.508 10700 10700 E aapt2   : No package ID 7f found for resource ID 0x7f040318.
08-13 20:20:04.508 10700 10700 E aapt2   : No package ID 7f found for resource ID 0x7f040321.
08-13 20:20:04.508 10700 10700 E aapt2   : No package ID 7f found for resource ID 0x7f0402d3.
08-13 20:20:04.508 10700 10700 E aapt2   : No package ID 7f found for resource ID 0x7f040201.
08-13 20:20:04.508 10700 10700 E aapt2   : No package ID 7f found for resource ID 0x7f040203.
08-13 20:20:04.508 10700 10700 E aapt2   : No package ID 7f found for resource ID 0x7f040202.
08-13 20:20:04.508 10700 10700 E aapt2   : No package ID 7f found for resource ID 0x7f040205.
08-13 20:20:04.508 10700 10700 E aapt2   : No package ID 7f found for resource ID 0x7f040206.
08-13 20:20:04.508 10700 10700 E aapt2   : No package ID 7f found for resource ID 0x7f040207.
08-13 20:20:04.508 10700 10700 E aapt2   : No package ID 7f found for resource ID 0x7f040204.
08-13 20:20:04.508 10700 10700 E aapt2   : No package ID 7f found for resource ID 0x7f04011a.
08-13 20:20:04.508 10700 10700 E aapt2   : No package ID 7f found for resource ID 0x7f040200.
08-13 20:20:04.508 10700 10700 E aapt2   : No package ID 7f found for resource ID 0x7f040314.
08-13 20:20:04.508 10700 10700 E aapt2   : No package ID 7f found for resource ID 0x7f040315.
08-13 20:20:04.508 10700 10700 E aapt2   : No package ID 7f found for resource ID 0x7f040316.
08-13 20:20:04.508 10700 10700 E aapt2   : No package ID 7f found for resource ID 0x7f040262.
08-13 20:20:04.508 10700 10700 E aapt2   : No package ID 7f found for resource ID 0x7f040264.
08-13 20:20:04.508 10700 10700 E aapt2   : No package ID 7f found for resource ID 0x7f040263.
08-13 20:20:04.508 10700 10700 E aapt2   : No package ID 7f found for resource ID 0x7f0401f9.
08-13 20:20:04.508 10700 10700 E aapt2   : No package ID 7f found for resource ID 0x7f0400c7.
08-13 20:20:04.508 10700 10700 E aapt2   : No package ID 7f found for resource ID 0x7f0400c8.
08-13 20:20:04.508 10700 10700 E aapt2   : No package ID 7f found for resource ID 0x7f0400c0.
08-13 20:20:04.508 10700 10700 E aapt2   : No package ID 7f found for resource ID 0x7f0400c5.
08-13 20:20:04.508 10700 10700 E aapt2   : No package ID 7f found for resource ID 0x7f0400c3.
08-13 20:20:04.508 10700 10700 E aapt2   : No package ID 7f found for resource ID 0x7f0400c4.
08-13 20:20:04.508 10700 10700 E aapt2   : No package ID 7f found for resource ID 0x7f0400c2.
08-13 20:20:04.508 10700 10700 E aapt2   : No package ID 7f found for resource ID 0x7f0400ca.
08-13 20:20:04.508 10700 10700 E aapt2   : No package ID 7f found for resource ID 0x7f0400de.
08-13 20:20:04.508 10700 10700 E aapt2   : No package ID 7f found for resource ID 0x7f0400c1.
08-13 20:20:04.508 10700 10700 E aapt2   : No package ID 7f found for resource ID 0x7f04002b.
08-13 20:20:04.508 10700 10700 E aapt2   : No package ID 7f found for resource ID 0x7f040029.
08-13 20:20:04.508 10700 10700 E aapt2   : No package ID 7f found for resource ID 0x7f04002a.
08-13 20:20:04.508 10700 10700 E aapt2   : No package ID 7f found for resource ID 0x7f04002c.
08-13 20:20:04.508 10700 10700 E aapt2   : No package ID 7f found for resource ID 0x7f040320.
08-13 20:20:04.508 10700 10700 E aapt2   : No package ID 7f found for resource ID 0x7f040066.
08-13 20:20:04.508 10700 10700 E aapt2   : No package ID 7f found for resource ID 0x7f040064.
08-13 20:20:04.508 10700 10700 E aapt2   : No package ID 7f found for resource ID 0x7f040065.
08-13 20:20:04.508 10700 10700 E aapt2   : No package ID 7f found for resource ID 0x7f04003e.
08-13 20:20:04.508 10700 10700 E aapt2   : No package ID 7f found for resource ID 0x7f04006d.
08-13 20:20:04.508 10700 10700 E aapt2   : No package ID 7f found for resource ID 0x7f04006e.
08-13 20:20:04.508 10700 10700 E aapt2   : No package ID 7f found for resource ID 0x7f0400af.
08-13 20:20:04.508 10700 10700 E aapt2   : No package ID 7f found for resource ID 0x7f0400b0.
08-13 20:20:04.508 10700 10700 E aapt2   : No package ID 7f found for resource ID 0x7f04011f.
08-13 20:20:04.508 10700 10700 E aapt2   : No package ID 7f found for resource ID 0x7f04029e.
08-13 20:20:04.508 10700 10700 E aapt2   : No package ID 7f found for resource ID 0x7f04029f.
08-13 20:20:04.508 10700 10700 E aapt2   : No package ID 7f found for resource ID 0x7f0402a0.
08-13 20:20:04.508 10700 10700 E aapt2   : No package ID 7f found for resource ID 0x7f0402a1.
08-13 20:20:04.508 10700 10700 E aapt2   : No package ID 7f found for resource ID 0x7f0402d5.
08-13 20:20:04.508 10700 10700 E aapt2   : No package ID 7f found for resource ID 0x7f0402f5.
08-13 20:20:04.508 10700 10700 E aapt2   : No package ID 7f found for resource ID 0x7f04030c.
08-13 20:20:04.508 10700 10700 E aapt2   : No package ID 7f found for resource ID 0x7f0401ff.
08-13 20:20:04.508 10700 10700 E aapt2   : No package ID 7f found for resource ID 0x7f040349.
08-13 20:20:04.508 10700 10700 E aapt2   : No package ID 7f found for resource ID 0x7f040348.
08-13 20:20:04.508 10700 10700 E aapt2   : No package ID 7f found for resource ID 0x7f0400c6.
08-13 20:20:04.508 10700 10700 E aapt2   : No package ID 7f found for resource ID 0x7f040361.
08-13 20:20:04.508 10700 10700 E aapt2   : No package ID 7f found for resource ID 0x7f0401fb.
08-13 20:20:04.508 10700 10700 E aapt2   : No package ID 7f found for resource ID 0x7f0401fa.
08-13 20:20:04.508 10700 10700 E aapt2   : No package ID 7f found for resource ID 0x7f0402b2.
08-13 20:20:04.508 10700 10700 E aapt2   : No package ID 7f found for resource ID 0x7f04002d.
08-13 20:20:04.508 10700 10700 E aapt2   : No package ID 7f found for resource ID 0x7f04029d.
08-13 20:20:04.508 10700 10700 E aapt2   : No package ID 7f found for resource ID 0x7f0402db.
08-13 20:20:04.508 10700 10700 E aapt2   : No package ID 7f found for resource ID 0x7f040076.
08-13 20:20:04.508 10700 10700 E aapt2   : No package ID 7f found for resource ID 0x7f04007a.
08-13 20:20:04.508 10700 10700 E aapt2   : No package ID 7f found for resource ID 0x7f040079.
08-13 20:20:04.508 10700 10700 E aapt2   : No package ID 7f found for resource ID 0x7f040078.
08-13 20:20:04.508 10700 10700 E aapt2   : No package ID 7f found for resource ID 0x7f040077.
08-13 20:20:04.508 10700 10700 E aapt2   : No package ID 7f found for resource ID 0x7f040074.
08-13 20:20:04.508 10700 10700 E aapt2   : No package ID 7f found for resource ID 0x7f04007c.
08-13 20:20:04.508 10700 10700 E aapt2   : No package ID 7f found for resource ID 0x7f04007b.
08-13 20:20:04.508 10700 10700 E aapt2   : No package ID 7f found for resource ID 0x7f04007d.
08-13 20:20:04.508 10700 10700 E aapt2   : No package ID 7f found for resource ID 0x7f040075.
08-13 20:20:04.508 10700 10700 E aapt2   : No package ID 7f found for resource ID 0x7f040088.
08-13 20:20:04.508 10700 10700 E aapt2   : No package ID 7f found for resource ID 0x7f04008c.
08-13 20:20:04.508 10700 10700 E aapt2   : No package ID 7f found for resource ID 0x7f0400a0.
08-13 20:20:04.508 10700 10700 E aapt2   : No package ID 7f found for resource ID 0x7f0400a2.
08-13 20:20:04.508 10700 10700 E aapt2   : No package ID 7f found for resource ID 0x7f04009f.
08-13 20:20:04.508 10700 10700 E aapt2   : No package ID 7f found for resource ID 0x7f0400a1.
08-13 20:20:04.508 10700 10700 E aapt2   : No package ID 7f found for resource ID 0x7f0400a4.
08-13 20:20:04.508 10700 10700 E aapt2   : No package ID 7f found for resource ID 0x7f0400a3.
08-13 20:20:04.508 10700 10700 E aapt2   : No package ID 7f found for resource ID 0x7f04008e.
08-13 20:20:04.508 10700 10700 E aapt2   : No package ID 7f found for resource ID 0x7f04009c.
08-13 20:20:04.508 10700 10700 E aapt2   : No package ID 7f found for resource ID 0x7f04009b.
08-13 20:20:04.508 10700 10700 E aapt2   : No package ID 7f found for resource ID 0x7f0400a8.
08-13 20:20:04.508 10700 10700 E aapt2   : No package ID 7f found for resource ID 0x7f0400a7.
08-13 20:20:04.508 10700 10700 E aapt2   : No package ID 7f found for resource ID 0x7f0400a6.
08-13 20:20:04.508 10700 10700 E aapt2   : No package ID 7f found for resource ID 0x7f04009e.
08-13 20:20:04.508 10700 10700 E aapt2   : No package ID 7f found for resource ID 0x7f040092.
08-13 20:20:04.508 10700 10700 E aapt2   : No package ID 7f found for resource ID 0x7f04009a.
08-13 20:20:04.508 10700 10700 E aapt2   : No package ID 7f found for resource ID 0x7f04008b.
08-13 20:20:04.508 10700 10700 E aapt2   : No package ID 7f found for resource ID 0x7f04007e.
08-13 20:20:04.508 10700 10700 E aapt2   : No package ID 7f found for resource ID 0x7f040082.
08-13 20:20:04.508 10700 10700 E aapt2   : No package ID 7f found for resource ID 0x7f040084.
08-13 20:20:04.508 10700 10700 E aapt2   : No package ID 7f found for resource ID 0x7f040083.
08-13 20:20:04.508 10700 10700 E aapt2   : No package ID 7f found for resource ID 0x7f040081.
08-13 20:20:04.508 10700 10700 E aapt2   : No package ID 7f found for resource ID 0x7f04007f.
08-13 20:20:04.508 10700 10700 E aapt2   : No package ID 7f found for resource ID 0x7f040097.
08-13 20:20:04.508 10700 10700 E aapt2   : No package ID 7f found for resource ID 0x7f040080.
08-13 20:20:04.508 10700 10700 E aapt2   : No package ID 7f found for resource ID 0x7f04008d.
08-13 20:20:04.508 10700 10700 E aapt2   : No package ID 7f found for resource ID 0x7f040086.
08-13 20:20:04.508 10700 10700 E aapt2   : No package ID 7f found for resource ID 0x7f040087.
08-13 20:20:04.508 10700 10700 E aapt2   : No package ID 7f found for resource ID 0x7f04008a.
08-13 20:20:04.508 10700 10700 E aapt2   : No package ID 7f found for resource ID 0x7f040089.
08-13 20:20:04.508 10700 10700 E aapt2   : No package ID 7f found for resource ID 0x7f0400aa.
08-13 20:20:04.508 10700 10700 E aapt2   : No package ID 7f found for resource ID 0x7f040091.
08-13 20:20:04.508 10700 10700 E aapt2   : No package ID 7f found for resource ID 0x7f0400a5.
08-13 20:20:04.508 10700 10700 E aapt2   : No package ID 7f found for resource ID 0x7f0400a9.
08-13 20:20:04.508 10700 10700 E aapt2   : No package ID 7f found for resource ID 0x7f040085.
08-13 20:20:04.508 10700 10700 E aapt2   : No package ID 7f found for resource ID 0x7f04009d.
08-13 20:20:04.508 10700 10700 E aapt2   : No package ID 7f found for resource ID 0x7f040098.
08-13 20:20:04.508 10700 10700 E aapt2   : No package ID 7f found for resource ID 0x7f040095.
08-13 20:20:04.508 10700 10700 E aapt2   : No package ID 7f found for resource ID 0x7f040094.
08-13 20:20:04.508 10700 10700 E aapt2   : No package ID 7f found for resource ID 0x7f040096.
08-13 20:20:04.508 10700 10700 E aapt2   : No package ID 7f found for resource ID 0x7f0400ac.
08-13 20:20:04.508 10700 10700 E aapt2   : No package ID 7f found for resource ID 0x7f0400ad.
08-13 20:20:04.508 10700 10700 E aapt2   : No package ID 7f found for resource ID 0x7f0400ae.
08-13 20:20:04.508 10700 10700 E aapt2   : No package ID 7f found for resource ID 0x7f04002e.
08-13 20:20:04.508 10700 10700 E aapt2   : No package ID 7f found for resource ID 0x7f0401b3.
08-13 20:20:04.508 10700 10700 E aapt2   : No package ID 7f found for resource ID 0x7f040068.
08-13 20:20:04.508 10700 10700 E aapt2   : No package ID 7f found for resource ID 0x7f04006f.
08-13 20:20:04.508 10700 10700 E aapt2   : No package ID 7f found for resource ID 0x7f040070.
08-13 20:20:04.508 10700 10700 E aapt2   : No package ID 7f found for resource ID 0x7f040366.
08-13 20:20:04.508 10700 10700 E aapt2   : No package ID 7f found for resource ID 0x7f040273.
08-13 20:20:04.508 10700 10700 E aapt2   : No package ID 7f found for resource ID 0x7f040352.
08-13 20:20:04.508 10700 10700 E aapt2   : No package ID 7f found for resource ID 0x7f0401e2.
08-13 20:20:04.508 10700 10700 E aapt2   : No package ID 7f found for resource ID 0x7f0401cb.
08-13 20:20:04.508 10700 10700 E aapt2   : No package ID 7f found for resource ID 0x7f0401c2.
08-13 20:20:04.508 10700 10700 E aapt2   : No package ID 7f found for resource ID 0x7f0401c4.
08-13 20:20:04.508 10700 10700 E aapt2   : No package ID 7f found for resource ID 0x7f0401c3.
08-13 20:20:04.508 10700 10700 E aapt2   : No package ID 7f found for resource ID 0x7f0401c8.
08-13 20:20:04.508 10700 10700 E aapt2   : No package ID 7f found for resource ID 0x7f0401c9.
08-13 20:20:04.508 10700 10700 E aapt2   : No package ID 7f found for resource ID 0x7f0401ca.
08-13 20:20:04.508 10700 10700 E aapt2   : No package ID 7f found for resource ID 0x7f04018a.
08-13 20:20:04.508 10700 10700 E aapt2   : No package ID 7f found for resource ID 0x7f0401d4.
08-13 20:20:04.508 10700 10700 E aapt2   : No package ID 7f found for resource ID 0x7f0401d5.
08-13 20:20:04.508 10700 10700 E aapt2   : No package ID 7f found for resource ID 0x7f0401d7.
08-13 20:20:04.508 10700 10700 E aapt2   : No package ID 7f found for resource ID 0x7f0401d8.
08-13 20:20:04.508 10700 10700 E aapt2   : No package ID 7f found for resource ID 0x7f0401de.
08-13 20:20:04.508 10700 10700 E aapt2   : No package ID 7f found for resource ID 0x7f0401dd.
08-13 20:20:04.508 10700 10700 E aapt2   : No package ID 7f found for resource ID 0x7f0401c1.
08-13 20:20:04.508 10700 10700 E aapt2   : No package ID 7f found for resource ID 0x7f0401c0.
08-13 20:20:04.508 10700 10700 E aapt2   : No package ID 7f found for resource ID 0x7f0401bc.
08-13 20:20:04.509 10700 10700 E aapt2   : No package ID 7f found for resource ID 0x7f0401be.
08-13 20:20:04.509 10700 10700 E aapt2   : No package ID 7f found for resource ID 0x7f0401bd.
08-13 20:20:04.509 10700 10700 E aapt2   : No package ID 7f found for resource ID 0x7f0401d9.
08-13 20:20:04.509 10700 10700 E aapt2   : No package ID 7f found for resource ID 0x7f0401da.
08-13 20:20:04.509 10700 10700 E aapt2   : No package ID 7f found for resource ID 0x7f0401c7.
08-13 20:20:04.509 10700 10700 E aapt2   : No package ID 7f found for resource ID 0x7f0401c6.
08-13 20:20:04.509 10700 10700 E aapt2   : No package ID 7f found for resource ID 0x7f0401ec.
08-13 20:20:04.509 10700 10700 E aapt2   : No package ID 7f found for resource ID 0x7f0401ef.
08-13 20:20:04.509 10700 10700 E aapt2   : No package ID 7f found for resource ID 0x7f0401ed.
08-13 20:20:04.509 10700 10700 E aapt2   : No package ID 7f found for resource ID 0x7f0401ea.
08-13 20:20:04.509 10700 10700 E aapt2   : No package ID 7f found for resource ID 0x7f0401ee.
08-13 20:20:04.509 10700 10700 E aapt2   : No package ID 7f found for resource ID 0x7f0401eb.
08-13 20:20:04.509 10700 10700 E aapt2   : No package ID 7f found for resource ID 0x7f0401e9.
08-13 20:20:04.509 10700 10700 E aapt2   : No package ID 7f found for resource ID 0x7f0401f0.
08-13 20:20:04.509 10700 10700 E aapt2   : No package ID 7f found for resource ID 0x7f0401ba.
08-13 20:20:04.509 10700 10700 E aapt2   : No package ID 7f found for resource ID 0x7f0401b9.
08-13 20:20:04.509 10700 10700 E aapt2   : No package ID 7f found for resource ID 0x7f0401d0.
08-13 20:20:04.509 10700 10700 E aapt2   : No package ID 7f found for resource ID 0x7f0401df.
08-13 20:20:04.509 10700 10700 E aapt2   : No package ID 7f found for resource ID 0x7f0401e3.
08-13 20:20:04.509 10700 10700 E aapt2   : No package ID 7f found for resource ID 0x7f0401cc.
08-13 20:20:04.509 10700 10700 E aapt2   : No package ID 7f found for resource ID 0x7f0401e5.
08-13 20:20:04.509 10700 10700 E aapt2   : No package ID 7f found for resource ID 0x7f0401e4.
08-13 20:20:04.509 10700 10700 E aapt2   : No package ID 7f found for resource ID 0x7f0401e6.
08-13 20:20:04.509 10700 10700 E aapt2   : No package ID 7f found for resource ID 0x7f0401ce.
08-13 20:20:04.509 10700 10700 E aapt2   : No package ID 7f found for resource ID 0x7f0401cd.
08-13 20:20:04.509 10700 10700 E aapt2   : No package ID 7f found for resource ID 0x7f0401cf.
08-13 20:20:04.509 10700 10700 E aapt2   : No package ID 7f found for resource ID 0x7f0401d3.
08-13 20:20:04.509 10700 10700 E aapt2   : No package ID 7f found for resource ID 0x7f0401dc.
08-13 20:20:04.509 10700 10700 E aapt2   : No package ID 7f found for resource ID 0x7f0401d6.
08-13 20:20:04.509 10700 10700 E aapt2   : No package ID 7f found for resource ID 0x7f0401bf.
08-13 20:20:04.509 10700 10700 E aapt2   : No package ID 7f found for resource ID 0x7f0401bb.
08-13 20:20:04.509 10700 10700 E aapt2   : No package ID 7f found for resource ID 0x7f0401c5.
08-13 20:20:04.509 10700 10700 E aapt2   : No package ID 7f found for resource ID 0x7f0401d2.
08-13 20:20:04.509 10700 10700 E aapt2   : No package ID 7f found for resource ID 0x7f0401e1.
08-13 20:20:04.509 10700 10700 E aapt2   : No package ID 7f found for resource ID 0x7f0401d1.
08-13 20:20:04.509 10700 10700 E aapt2   : No package ID 7f found for resource ID 0x7f0401e0.
08-13 20:20:04.509 10700 10700 E aapt2   : No package ID 7f found for resource ID 0x7f0401e7.
08-13 20:20:04.509 10700 10700 E aapt2   : No package ID 7f found for resource ID 0x7f0401e8.
08-13 20:20:04.509 10700 10700 E aapt2   : No package ID 7f found for resource ID 0x7f0401f3.
08-13 20:20:04.509 10700 10700 E aapt2   : No package ID 7f found for resource ID 0x7f04004f.
08-13 20:20:04.509 10700 10700 E aapt2   : No package ID 7f found for resource ID 0x7f040050.
08-13 20:20:04.509 10700 10700 E aapt2   : No package ID 7f found for resource ID 0x7f0400d2.
08-13 20:20:04.509 10700 10700 E aapt2   : No package ID 7f found for resource ID 0x7f0400d3.
08-13 20:20:04.509 10700 10700 E aapt2   : No package ID 7f found for resource ID 0x7f04004e.
08-13 20:20:04.509 10700 10700 E aapt2   : No package ID 7f found for resource ID 0x7f0400ab.
08-13 20:20:04.509 10700 10700 E aapt2   : No package ID 7f found for resource ID 0x7f040136.
08-13 20:20:04.509 10700 10700 E aapt2   : No package ID 7f found for resource ID 0x7f040140.
08-13 20:20:04.509 10700 10700 E aapt2   : No package ID 7f found for resource ID 0x7f04013d.
08-13 20:20:04.509 10700 10700 E aapt2   : No package ID 7f found for resource ID 0x7f040133.
08-13 20:20:04.509 10700 10700 E aapt2   : No package ID 7f found for resource ID 0x7f04013e.
08-13 20:20:04.509 10700 10700 E aapt2   : No package ID 7f found for resource ID 0x7f040134.
08-13 20:20:04.509 10700 10700 E aapt2   : No package ID 7f found for resource ID 0x7f040141.
08-13 20:20:04.509 10700 10700 E aapt2   : No package ID 7f found for resource ID 0x7f04013b.
08-13 20:20:04.509 10700 10700 E aapt2   : No package ID 7f found for resource ID 0x7f040135.
08-13 20:20:04.509 10700 10700 E aapt2   : No package ID 7f found for resource ID 0x7f04013f.
08-13 20:20:04.509 10700 10700 E aapt2   : No package ID 7f found for resource ID 0x7f040130.
08-13 20:20:04.509 10700 10700 E aapt2   : No package ID 7f found for resource ID 0x7f040132.
08-13 20:20:04.509 10700 10700 E aapt2   : No package ID 7f found for resource ID 0x7f04012f.
08-13 20:20:04.509 10700 10700 E aapt2   : No package ID 7f found for resource ID 0x7f040131.
08-13 20:20:04.509 10700 10700 E aapt2   : No package ID 7f found for resource ID 0x7f040138.
08-13 20:20:04.509 10700 10700 E aapt2   : No package ID 7f found for resource ID 0x7f04013a.
08-13 20:20:04.509 10700 10700 E aapt2   : No package ID 7f found for resource ID 0x7f040137.
08-13 20:20:04.509 10700 10700 E aapt2   : No package ID 7f found for resource ID 0x7f040139.
08-13 20:20:04.509 10700 10700 E aapt2   : No package ID 7f found for resource ID 0x7f040032.
08-13 20:20:04.509 10700 10700 E aapt2   : No package ID 7f found for resource ID 0x7f040031.
08-13 20:20:04.509 10700 10700 E aapt2   : No package ID 7f found for resource ID 0x7f040354.
08-13 20:20:04.509 10700 10700 E aapt2   : No package ID 7f found for resource ID 0x7f040265.
08-13 20:20:04.509 10700 10700 E aapt2   : No package ID 7f found for resource ID 0x7f040290.
08-13 20:20:04.509 10700 10700 E aapt2   : No package ID 7f found for resource ID 0x7f040356.
08-13 20:20:04.509 10700 10700 E aapt2   : No package ID 7f found for resource ID 0x7f04010f.
08-13 20:20:04.509 10700 10700 E aapt2   : No package ID 7f found for resource ID 0x7f040237.
08-13 20:20:04.509 10700 10700 E aapt2   : No package ID 7f found for resource ID 0x7f0401db.
08-13 20:20:04.509 10700 10700 E aapt2   : No package ID 7f found for resource ID 0x7f040238.
08-13 20:20:04.509 10700 10700 E aapt2   : No package ID 7f found for resource ID 0x7f04029a.
08-13 20:20:04.509 10700 10700 E aapt2   : No package ID 7f found for resource ID 0x7f040299.
08-13 20:20:04.509 10700 10700 E aapt2   : No package ID 7f found for resource ID 0x7f040298.
08-13 20:20:04.509 10700 10700 E aapt2   : No package ID 7f found for resource ID 0x7f0401f1.
08-13 20:20:04.509 10700 10700 E aapt2   : No package ID 7f found for resource ID 0x7f0401b6.
08-13 20:20:04.509 10700 10700 E aapt2   : No package ID 7f found for resource ID 0x7f0400cf.
08-13 20:20:04.509 10700 10700 E aapt2   : No package ID 7f found for resource ID 0x7f0400b6.
08-13 20:20:04.509 10700 10700 E aapt2   : No package ID 7f found for resource ID 0x7f0400b3.
08-13 20:20:04.509 10700 10700 E aapt2   : No package ID 7f found for resource ID 0x7f0400b7.
08-13 20:20:04.509 10700 10700 E aapt2   : No package ID 7f found for resource ID 0x7f0400b5.
08-13 20:20:04.509 10700 10700 E aapt2   : No package ID 7f found for resource ID 0x7f0400b4.
08-13 20:20:04.509 10700 10700 E aapt2   : No package ID 7f found for resource ID 0x7f0402a5.
08-13 20:20:04.509 10700 10700 E aapt2   : No package ID 7f found for resource ID 0x7f0402a2.
08-13 20:20:04.509 10700 10700 E aapt2   : No package ID 7f found for resource ID 0x7f0402a3.
08-13 20:20:04.509 10700 10700 E aapt2   : No package ID 7f found for resource ID 0x7f0402a4.
08-13 20:20:04.509 10700 10700 E aapt2   : No package ID 7f found for resource ID 0x7f040274.
08-13 20:20:04.509 10700 10700 E aapt2   : No package ID 7f found for resource ID 0x7f0400d5.
08-13 20:20:04.509 10700 10700 E aapt2   : No package ID 7f found for resource ID 0x7f040239.
08-13 20:20:04.509 10700 10700 E aapt2   : No package ID 7f found for resource ID 0x7f0400fc.
08-13 20:20:04.509 10700 10700 E aapt2   : No package ID 7f found for resource ID 0x7f0400ce.
08-13 20:20:04.509 10700 10700 E aapt2   : No package ID 7f found for resource ID 0x7f04003c.
08-13 20:20:04.509 10700 10700 E aapt2   : No package ID 7f found for resource ID 0x7f040223.
08-13 20:20:04.509 10700 10700 E aapt2   : No package ID 7f found for resource ID 0x7f0400e5.
08-13 20:20:04.509 10700 10700 E aapt2   : No package ID 7f found for resource ID 0x7f0400e4.
08-13 20:20:04.509 10700 10700 E aapt2   : No package ID 7f found for resource ID 0x7f0400e8.
08-13 20:20:04.509 10700 10700 E aapt2   : No package ID 7f found for resource ID 0x7f0400e7.
08-13 20:20:04.509 10700 10700 E aapt2   : No package ID 7f found for resource ID 0x7f0400ec.
08-13 20:20:04.509 10700 10700 E aapt2   : No package ID 7f found for resource ID 0x7f0400e6.
08-13 20:20:04.509 10700 10700 E aapt2   : No package ID 7f found for resource ID 0x7f0400ea.
08-13 20:20:04.509 10700 10700 E aapt2   : No package ID 7f found for resource ID 0x7f0400e3.
08-13 20:20:04.509 10700 10700 E aapt2   : No package ID 7f found for resource ID 0x7f0400eb.
08-13 20:20:04.509 10700 10700 E aapt2   : No package ID 7f found for resource ID 0x7f040093.
08-13 20:20:04.509 10700 10700 E aapt2   : No package ID 7f found for resource ID 0x7f040099.
08-13 20:20:04.509 10700 10700 E aapt2   : No package ID 7f found for resource ID 0x7f04008f.
08-13 20:20:04.509 10700 10700 E aapt2   : No package ID 7f found for resource ID 0x7f04004d.
08-13 20:20:04.509 10700 10700 E aapt2   : No package ID 7f found for resource ID 0x7f04004c.
08-13 20:20:04.509 10700 10700 E aapt2   : No package ID 7f found for resource ID 0x7f04034e.
08-13 20:20:04.509 10700 10700 E aapt2   : No package ID 7f found for resource ID 0x7f040028.
08-13 20:20:04.509 10700 10700 E aapt2   : No package ID 7f found for resource ID 0x7f0402cb.
08-13 20:20:04.509 10700 10700 E aapt2   : No package ID 7f found for resource ID 0x7f0402c8.
08-13 20:20:04.509 10700 10700 E aapt2   : No package ID 7f found for resource ID 0x7f0402c9.
08-13 20:20:04.509 10700 10700 E aapt2   : No package ID 7f found for resource ID 0x7f0402ca.
08-13 20:20:04.509 10700 10700 E aapt2   : No package ID 7f found for resource ID 0x7f04028e.
08-13 20:20:04.509 10700 10700 E aapt2   : No package ID 7f found for resource ID 0x7f0402c7.
08-13 20:20:04.509 10700 10700 E aapt2   : No package ID 7f found for resource ID 0x7f040062.
08-13 20:20:04.509 10700 10700 E aapt2   : No package ID 7f found for resource ID 0x7f04035b.
08-13 20:20:04.509 10700 10700 E aapt2   : No package ID 7f found for resource ID 0x7f040027.
08-13 20:20:04.509 10700 10700 E aapt2   : No package ID 7f found for resource ID 0x7f04028d.
08-13 20:20:04.509 10700 10700 E aapt2   : No package ID 7f found for resource ID 0x7f0400bf.
08-13 20:20:04.509 10700 10700 E aapt2   : No package ID 7f found for resource ID 0x7f0402f3.
08-13 20:20:04.509 10700 10700 E aapt2   : No package ID 7f found for resource ID 0x7f040114.
08-13 20:20:04.509 10700 10700 E aapt2   : No package ID 7f found for resource ID 0x7f040155.
08-13 20:20:04.509 10700 10700 E aapt2   : No package ID 7f found for resource ID 0x7f040038.
08-13 20:20:04.509 10700 10700 E aapt2   : No package ID 7f found for resource ID 0x7f04003a.
08-13 20:20:04.509 10700 10700 E aapt2   : No package ID 7f found for resource ID 0x7f04004b.
08-13 20:20:04.509 10700 10700 E aapt2   : No package ID 7f found for resource ID 0x7f04032d.
08-13 20:20:04.509 10700 10700 E aapt2   : No package ID 7f found for resource ID 0x7f040148.
08-13 20:20:04.509 10700 10700 E aapt2   : No package ID 7f found for resource ID 0x7f04014c.
08-13 20:20:04.509 10700 10700 E aapt2   : No package ID 7f found for resource ID 0x7f04014d.
08-13 20:20:04.509 10700 10700 E aapt2   : No package ID 7f found for resource ID 0x7f040149.
08-13 20:20:04.509 10700 10700 E aapt2   : No package ID 7f found for resource ID 0x7f04014a.
08-13 20:20:04.509 10700 10700 E aapt2   : No package ID 7f found for resource ID 0x7f04014b.
08-13 20:20:04.509 10700 10700 E aapt2   : No package ID 7f found for resource ID 0x7f04014e.
08-13 20:20:04.509 10700 10700 E aapt2   : No package ID 7f found for resource ID 0x7f04014f.
08-13 20:20:04.509 10700 10700 E aapt2   : No package ID 7f found for resource ID 0x7f040146.
08-13 20:20:04.509 10700 10700 E aapt2   : No package ID 7f found for resource ID 0x7f040151.
08-13 20:20:04.509 10700 10700 E aapt2   : No package ID 7f found for resource ID 0x7f040150.
08-13 20:20:04.509 10700 10700 E aapt2   : No package ID 7f found for resource ID 0x7f04035a.
08-13 20:20:04.509 10700 10700 E aapt2   : No package ID 7f found for resource ID 0x7f040052.
08-13 20:20:04.509 10700 10700 E aapt2   : No package ID 7f found for resource ID 0x7f040030.
08-13 20:20:04.509 10700 10700 E aapt2   : No package ID 7f found for resource ID 0x7f0402c4.
08-13 20:20:04.509 10700 10700 E aapt2   : No package ID 7f found for resource ID 0x7f040056.
08-13 20:20:04.509 10700 10700 E aapt2   : No package ID 7f found for resource ID 0x7f040369.
08-13 20:20:04.509 10700 10700 E aapt2   : No package ID 7f found for resource ID 0x7f0400dd.
08-13 20:20:04.509 10700 10700 E aapt2   : No package ID 7f found for resource ID 0x7f0400e0.
08-13 20:20:04.509 10700 10700 E aapt2   : No package ID 7f found for resource ID 0x7f0402ba.
08-13 20:20:04.509 10700 10700 E aapt2   : No package ID 7f found for resource ID 0x7f04025a.
08-13 20:20:04.509 10700 10700 E aapt2   : No package ID 7f found for resource ID 0x7f0402bb.
08-13 20:20:04.509 10700 10700 E aapt2   : No package ID 7f found for resource ID 0x7f0401a4.
08-13 20:20:04.509 10700 10700 E aapt2   : No package ID 7f found for resource ID 0x7f0401a5.
08-13 20:20:04.509 10700 10700 E aapt2   : No package ID 7f found for resource ID 0x7f0401a7.
08-13 20:20:04.509 10700 10700 E aapt2   : No package ID 7f found for resource ID 0x7f0401a6.
08-13 20:20:04.509 10700 10700 E aapt2   : No package ID 7f found for resource ID 0x7f040152.
08-13 20:20:04.509 10700 10700 E aapt2   : No package ID 7f found for resource ID 0x7f040239.
08-13 20:20:04.509 10700 10700 E aapt2   : No package ID 7f found for resource ID 0x7f0400e2.
08-13 20:20:04.509 10700 10700 E aapt2   : No package ID 7f found for resource ID 0x7f040352.
08-13 20:20:04.509 10700 10700 E aapt2   : No package ID 7f found for resource ID 0x7f040239.
08-13 20:20:04.509 10700 10700 E aapt2   : No package ID 7f found for resource ID 0x7f04036e.
08-13 20:20:04.509 10700 10700 E aapt2   : No package ID 7f found for resource ID 0x7f04036d.
08-13 20:20:04.509 10700 10700 E aapt2   : No package ID 7f found for resource ID 0x7f04036c.
08-13 20:20:04.509 10700 10700 E aapt2   : No package ID 7f found for resource ID 0x7f04036b.
08-13 20:20:04.509 10700 10700 E aapt2   : No package ID 7f found for resource ID 0x7f04036f.
08-13 20:20:04.509 10700 10700 E aapt2   : No package ID 7f found for resource ID 0x7f0401b2.
08-13 20:20:04.509 10700 10700 E aapt2   : No package ID 7f found for resource ID 0x7f04026b.
08-13 20:20:04.509 10700 10700 E aapt2   : No package ID 7f found for resource ID 0x7f04026c.
08-13 20:20:04.509 10700 10700 E aapt2   : No package ID 7f found for resource ID 0x7f04026a.
08-13 20:20:04.510 10700 10700 E aapt2   : No package ID 7f found for resource ID 0x7f040269.
08-13 20:20:04.510 10700 10700 E aapt2   : No package ID 7f found for resource ID 0x7f040239.
08-13 20:20:04.510 10700 10700 E aapt2   : No package ID 7f found for resource ID 0x7f0402ef.
08-13 20:20:04.510 10700 10700 E aapt2   : No package ID 7f found for resource ID 0x7f040239.
08-13 20:20:04.510 10700 10700 E aapt2   : No package ID 7f found for resource ID 0x7f04036a.
08-13 20:20:04.510 10700 10700 E aapt2   : No package ID 7f found for resource ID 0x7f040239.
08-13 20:20:04.510 10700 10700 E aapt2   : No package ID 7f found for resource ID 0x7f040358.
08-13 20:20:04.510 10700 10700 E aapt2   : No package ID 7f found for resource ID 0x7f040249.
08-13 20:20:04.510 10700 10700 E aapt2   : No package ID 7f found for resource ID 0x7f04024a.
08-13 20:20:04.510 10700 10700 E aapt2   : No package ID 7f found for resource ID 0x7f040247.
08-13 20:20:04.510 10700 10700 E aapt2   : No package ID 7f found for resource ID 0x7f040364.
08-13 20:20:04.510 10700 10700 E aapt2   : No package ID 7f found for resource ID 0x7f040365.
08-13 20:20:04.510 10700 10700 E aapt2   : No package ID 7f found for resource ID 0x7f040363.
08-13 20:20:04.510 10700 10700 E aapt2   : No package ID 7f found for resource ID 0x7f040359.
08-13 20:20:04.510 10700 10700 E aapt2   : No package ID 7f found for resource ID 0x7f040357.
08-13 20:20:04.510 10700 10700 E aapt2   : No package ID 7f found for resource ID 0x7f04023a.
08-13 20:20:04.510 10700 10700 E aapt2   : No package ID 7f found for resource ID 0x7f04023b.
08-13 20:20:04.510 10700 10700 E aapt2   : No package ID 7f found for resource ID 0x7f0401e2.
08-13 20:20:04.510 10700 10700 E aapt2   : No package ID 7f found for resource ID 0x7f0401cb.
08-13 20:20:04.510 10700 10700 E aapt2   : No package ID 7f found for resource ID 0x7f0401c2.
08-13 20:20:04.510 10700 10700 E aapt2   : No package ID 7f found for resource ID 0x7f0401c4.
08-13 20:20:04.510 10700 10700 E aapt2   : No package ID 7f found for resource ID 0x7f0401c3.
08-13 20:20:04.510 10700 10700 E aapt2   : No package ID 7f found for resource ID 0x7f0401c8.
08-13 20:20:04.510 10700 10700 E aapt2   : No package ID 7f found for resource ID 0x7f0401c9.
08-13 20:20:04.510 10700 10700 E aapt2   : No package ID 7f found for resource ID 0x7f0401ca.
08-13 20:20:04.510 10700 10700 E aapt2   : No package ID 7f found for resource ID 0x7f04018a.
08-13 20:20:04.510 10700 10700 E aapt2   : No package ID 7f found for resource ID 0x7f0401d4.
08-13 20:20:04.510 10700 10700 E aapt2   : No package ID 7f found for resource ID 0x7f0401d5.
08-13 20:20:04.510 10700 10700 E aapt2   : No package ID 7f found for resource ID 0x7f0401d7.
08-13 20:20:04.510 10700 10700 E aapt2   : No package ID 7f found for resource ID 0x7f0401d8.
08-13 20:20:04.510 10700 10700 E aapt2   : No package ID 7f found for resource ID 0x7f0401de.
08-13 20:20:04.510 10700 10700 E aapt2   : No package ID 7f found for resource ID 0x7f0401dd.
08-13 20:20:04.510 10700 10700 E aapt2   : No package ID 7f found for resource ID 0x7f0401c1.
08-13 20:20:04.510 10700 10700 E aapt2   : No package ID 7f found for resource ID 0x7f0401c0.
08-13 20:20:04.510 10700 10700 E aapt2   : No package ID 7f found for resource ID 0x7f0401bc.
08-13 20:20:04.510 10700 10700 E aapt2   : No package ID 7f found for resource ID 0x7f0401be.
08-13 20:20:04.510 10700 10700 E aapt2   : No package ID 7f found for resource ID 0x7f0401bd.
08-13 20:20:04.510 10700 10700 E aapt2   : No package ID 7f found for resource ID 0x7f0401d9.
08-13 20:20:04.510 10700 10700 E aapt2   : No package ID 7f found for resource ID 0x7f0401da.
08-13 20:20:04.510 10700 10700 E aapt2   : No package ID 7f found for resource ID 0x7f0401c7.
08-13 20:20:04.510 10700 10700 E aapt2   : No package ID 7f found for resource ID 0x7f0401c6.
08-13 20:20:04.510 10700 10700 E aapt2   : No package ID 7f found for resource ID 0x7f0401ec.
08-13 20:20:04.510 10700 10700 E aapt2   : No package ID 7f found for resource ID 0x7f0401e6.
08-13 20:20:04.510 10700 10700 E aapt2   : No package ID 7f found for resource ID 0x7f04020d.
08-13 20:20:04.510 10700 10700 E aapt2   : No package ID 7f found for resource ID 0x7f04020f.
08-13 20:20:04.510 10700 10700 E aapt2   : No package ID 7f found for resource ID 0x7f040224.
08-13 20:20:04.510 10700 10700 E aapt2   : No package ID 7f found for resource ID 0x7f040225.
08-13 20:20:04.510 10700 10700 E aapt2   : No package ID 7f found for resource ID 0x7f040187.
08-13 20:20:04.510 10700 10700 E aapt2   : No package ID 7f found for resource ID 0x7f040181.
08-13 20:20:04.510 10700 10700 E aapt2   : No package ID 7f found for resource ID 0x7f040184.
08-13 20:20:04.510 10700 10700 E aapt2   : No package ID 7f found for resource ID 0x7f040188.
08-13 20:20:04.510 10700 10700 E aapt2   : No package ID 7f found for resource ID 0x7f04017e.
08-13 20:20:04.510 10700 10700 E aapt2   : No package ID 7f found for resource ID 0x7f040182.
08-13 20:20:04.510 10700 10700 E aapt2   : No package ID 7f found for resource ID 0x7f040183.
08-13 20:20:04.510 10700 10700 E aapt2   : No package ID 7f found for resource ID 0x7f040158.
08-13 20:20:04.510 10700 10700 E aapt2   : No package ID 7f found for resource ID 0x7f04015c.
08-13 20:20:04.510 10700 10700 E aapt2   : No package ID 7f found for resource ID 0x7f040159.
08-13 20:20:04.510 10700 10700 E aapt2   : No package ID 7f found for resource ID 0x7f040157.
08-13 20:20:04.510 10700 10700 E aapt2   : No package ID 7f found for resource ID 0x7f04015b.
08-13 20:20:04.510 10700 10700 E aapt2   : No package ID 7f found for resource ID 0x7f040178.
08-13 20:20:04.510 10700 10700 E aapt2   : No package ID 7f found for resource ID 0x7f040175.
08-13 20:20:04.510 10700 10700 E aapt2   : No package ID 7f found for resource ID 0x7f040172.
08-13 20:20:04.510 10700 10700 E aapt2   : No package ID 7f found for resource ID 0x7f040173.
08-13 20:20:04.510 10700 10700 E aapt2   : No package ID 7f found for resource ID 0x7f040177.
08-13 20:20:04.510 10700 10700 E aapt2   : No package ID 7f found for resource ID 0x7f040189.
08-13 20:20:04.510 10700 10700 E aapt2   : No package ID 7f found for resource ID 0x7f04017c.
08-13 20:20:04.510 10700 10700 E aapt2   : No package ID 7f found for resource ID 0x7f040167.
08-13 20:20:04.510 10700 10700 E aapt2   : No package ID 7f found for resource ID 0x7f040165.
08-13 20:20:04.510 10700 10700 E aapt2   : No package ID 7f found for resource ID 0x7f04016a.
08-13 20:20:04.510 10700 10700 E aapt2   : No package ID 7f found for resource ID 0x7f040168.
08-13 20:20:04.510 10700 10700 E aapt2   : No package ID 7f found for resource ID 0x7f04016b.
08-13 20:20:04.510 10700 10700 E aapt2   : No package ID 7f found for resource ID 0x7f040169.
08-13 20:20:04.510 10700 10700 E aapt2   : No package ID 7f found for resource ID 0x7f040166.
08-13 20:20:04.510 10700 10700 E aapt2   : No package ID 7f found for resource ID 0x7f04016c.
08-13 20:20:04.510 10700 10700 E aapt2   : No package ID 7f found for resource ID 0x7f040170.
08-13 20:20:04.510 10700 10700 E aapt2   : No package ID 7f found for resource ID 0x7f040164.
08-13 20:20:04.510 10700 10700 E aapt2   : No package ID 7f found for resource ID 0x7f040163.
08-13 20:20:04.510 10700 10700 E aapt2   : No package ID 7f found for resource ID 0x7f040160.
08-13 20:20:04.510 10700 10700 E aapt2   : No package ID 7f found for resource ID 0x7f040161.
08-13 20:20:04.510 10700 10700 E aapt2   : No package ID 7f found for resource ID 0x7f04017d.
08-13 20:20:04.510 10700 10700 E aapt2   : No package ID 7f found for resource ID 0x7f04016e.
08-13 20:20:04.510 10700 10700 E aapt2   : No package ID 7f found for resource ID 0x7f04016d.
08-13 20:20:04.510 10700 10700 E aapt2   : No package ID 7f found for resource ID 0x7f040162.
08-13 20:20:04.510 10700 10700 E aapt2   : No package ID 7f found for resource ID 0x7f040171.
08-13 20:20:04.510 10700 10700 E aapt2   : No package ID 7f found for resource ID 0x7f040174.
08-13 20:20:04.510 10700 10700 E aapt2   : No package ID 7f found for resource ID 0x7f04017b.
08-13 20:20:04.510 10700 10700 E aapt2   : No package ID 7f found for resource ID 0x7f04017f.
08-13 20:20:04.510 10700 10700 E aapt2   : No package ID 7f found for resource ID 0x7f040180.
08-13 20:20:04.510 10700 10700 E aapt2   : No package ID 7f found for resource ID 0x7f040185.
08-13 20:20:04.510 10700 10700 E aapt2   : No package ID 7f found for resource ID 0x7f040186.
08-13 20:20:04.510 10700 10700 E aapt2   : No package ID 7f found for resource ID 0x7f04015a.
08-13 20:20:04.510 10700 10700 E aapt2   : No package ID 7f found for resource ID 0x7f040176.
08-13 20:20:04.510 10700 10700 E aapt2   : No package ID 7f found for resource ID 0x7f04017a.
08-13 20:20:04.510 10700 10700 E aapt2   : No package ID 7f found for resource ID 0x7f040179.
08-13 20:20:04.510 10700 10700 E aapt2   : No package ID 7f found for resource ID 0x7f04015d.
08-13 20:20:04.510 10700 10700 E aapt2   : No package ID 7f found for resource ID 0x7f04016f.
08-13 20:20:04.510 10700 10700 E aapt2   : No package ID 7f found for resource ID 0x7f04015e.
08-13 20:20:04.510 10700 10700 E aapt2   : No package ID 7f found for resource ID 0x7f04015f.
08-13 20:20:04.510 10700 10700 E aapt2   : No package ID 7f found for resource ID 0x7f040255.
08-13 20:20:04.510 10700 10700 E aapt2   : No package ID 7f found for resource ID 0x7f04024f.
08-13 20:20:04.510 10700 10700 E aapt2   : No package ID 7f found for resource ID 0x7f040256.
08-13 20:20:04.510 10700 10700 E aapt2   : No package ID 7f found for resource ID 0x7f04024e.
08-13 20:20:04.510 10700 10700 E aapt2   : No package ID 7f found for resource ID 0x7f040252.
08-13 20:20:04.510 10700 10700 E aapt2   : No package ID 7f found for resource ID 0x7f040253.
08-13 20:20:04.510 10700 10700 E aapt2   : No package ID 7f found for resource ID 0x7f040254.
08-13 20:20:04.510 10700 10700 E aapt2   : No package ID 7f found for resource ID 0x7f040250.
08-13 20:20:04.510 10700 10700 E aapt2   : No package ID 7f found for resource ID 0x7f040251.
08-13 20:20:04.510 10700 10700 E aapt2   : No package ID 7f found for resource ID 0x7f040059.
08-13 20:20:04.510 10700 10700 E aapt2   : No package ID 7f found for resource ID 0x7f040058.
08-13 20:20:04.510 10700 10700 E aapt2   : No package ID 7f found for resource ID 0x7f04005a.
08-13 20:20:04.510 10700 10700 E aapt2   : No package ID 7f found for resource ID 0x7f040057.
08-13 20:20:04.510 10700 10700 E aapt2   : No package ID 7f found for resource ID 0x7f04005c.
08-13 20:20:04.510 10700 10700 E aapt2   : No package ID 7f found for resource ID 0x7f04005d.
08-13 20:20:04.510 10700 10700 E aapt2   : No package ID 7f found for resource ID 0x7f04005b.
08-13 20:20:04.510 10700 10700 E aapt2   : No package ID 7f found for resource ID 0x7f04005f.
08-13 20:20:04.510 10700 10700 E aapt2   : No package ID 7f found for resource ID 0x7f04005e.
08-13 20:20:04.510 10700 10700 E aapt2   : No package ID 7f found for resource ID 0x7f040061.
08-13 20:20:04.510 10700 10700 E aapt2   : No package ID 7f found for resource ID 0x7f040060.
08-13 20:20:04.510 10700 10700 E aapt2   : No package ID 7f found for resource ID 0x7f04018c.
08-13 20:20:04.510 10700 10700 E aapt2   : No package ID 7f found for resource ID 0x7f04018b.
08-13 20:20:04.510 10700 10700 E aapt2   : No package ID 7f found for resource ID 0x7f0402d4.
08-13 20:20:04.510 10700 10700 E aapt2   : No package ID 7f found for resource ID 0x7f0402c3.
08-13 20:20:04.510 10700 10700 E aapt2   : No package ID 7f found for resource ID 0x7f0402c0.
08-13 20:20:04.510 10700 10700 E aapt2   : No package ID 7f found for resource ID 0x7f0402be.
08-13 20:20:04.510 10700 10700 E aapt2   : No package ID 7f found for resource ID 0x7f0402bc.
08-13 20:20:04.510 10700 10700 E aapt2   : No package ID 7f found for resource ID 0x7f0402bd.
08-13 20:20:04.510 10700 10700 E aapt2   : No package ID 7f found for resource ID 0x7f0402c2.
08-13 20:20:04.510 10700 10700 E aapt2   : No package ID 7f found for resource ID 0x7f0402c1.
08-13 20:20:04.510 10700 10700 E aapt2   : No package ID 7f found for resource ID 0x7f040051.
08-13 20:20:04.510 10700 10700 E aapt2   : No package ID 7f found for resource ID 0x7f0401a2.
08-13 20:20:04.510 10700 10700 E aapt2   : No package ID 7f found for resource ID 0x7f0401a0.
08-13 20:20:04.510 10700 10700 E aapt2   : No package ID 7f found for resource ID 0x7f0401a3.
08-13 20:20:04.510 10700 10700 E aapt2   : No package ID 7f found for resource ID 0x7f04019f.
08-13 20:20:04.510 10700 10700 E aapt2   : No package ID 7f found for resource ID 0x7f04019e.
08-13 20:20:04.510 10700 10700 E aapt2   : No package ID 7f found for resource ID 0x7f0401a1.
08-13 20:20:04.510 10700 10700 E aapt2   : No package ID 7f found for resource ID 0x7f040100.
08-13 20:20:04.510 10700 10700 E aapt2   : No package ID 7f found for resource ID 0x7f0400ff.
08-13 20:20:04.510 10700 10700 E aapt2   : No package ID 7f found for resource ID 0x7f0400fe.
08-13 20:20:04.510 10700 10700 E aapt2   : No package ID 7f found for resource ID 0x7f0400fd.
08-13 20:20:04.510 10700 10700 E aapt2   : No package ID 7f found for resource ID 0x7f04028a.
08-13 20:20:04.510 10700 10700 E aapt2   : No package ID 7f found for resource ID 0x7f040289.
08-13 20:20:04.510 10700 10700 E aapt2   : No package ID 7f found for resource ID 0x7f040284.
08-13 20:20:04.510 10700 10700 E aapt2   : No package ID 7f found for resource ID 0x7f040287.
08-13 20:20:04.510 10700 10700 E aapt2   : No package ID 7f found for resource ID 0x7f040285.
08-13 20:20:04.510 10700 10700 E aapt2   : No package ID 7f found for resource ID 0x7f040286.
08-13 20:20:04.510 10700 10700 E aapt2   : No package ID 7f found for resource ID 0x7f040288.
08-13 20:20:04.510 10700 10700 E aapt2   : No package ID 7f found for resource ID 0x7f04027e.
08-13 20:20:04.510 10700 10700 E aapt2   : No package ID 7f found for resource ID 0x7f040283.
08-13 20:20:04.510 10700 10700 E aapt2   : No package ID 7f found for resource ID 0x7f040282.
08-13 20:20:04.510 10700 10700 E aapt2   : No package ID 7f found for resource ID 0x7f040281.
08-13 20:20:04.510 10700 10700 E aapt2   : No package ID 7f found for resource ID 0x7f040280.
08-13 20:20:04.510 10700 10700 E aapt2   : No package ID 7f found for resource ID 0x7f04027f.
08-13 20:20:04.510 10700 10700 E aapt2   : No package ID 7f found for resource ID 0x7f04027b.
08-13 20:20:04.510 10700 10700 E aapt2   : No package ID 7f found for resource ID 0x7f040277.
08-13 20:20:04.510 10700 10700 E aapt2   : No package ID 7f found for resource ID 0x7f04027d.
08-13 20:20:04.510 10700 10700 E aapt2   : No package ID 7f found for resource ID 0x7f0401b0.
08-13 20:20:04.510 10700 10700 E aapt2   : No package ID 7f found for resource ID 0x7f040122.
08-13 20:20:04.510 10700 10700 E aapt2   : No package ID 7f found for resource ID 0x7f0400ef.
08-13 20:20:04.510 10700 10700 E aapt2   : No package ID 7f found for resource ID 0x7f0400f0.
08-13 20:20:04.510 10700 10700 E aapt2   : No package ID 7f found for resource ID 0x7f0400f4.
08-13 20:20:04.510 10700 10700 E aapt2   : No package ID 7f found for resource ID 0x7f0400f6.
08-13 20:20:04.510 10700 10700 E aapt2   : No package ID 7f found for resource ID 0x7f0400f3.
08-13 20:20:04.510 10700 10700 E aapt2   : No package ID 7f found for resource ID 0x7f0400f7.
08-13 20:20:04.510 10700 10700 E aapt2   : No package ID 7f found for resource ID 0x7f0402d2.
08-13 20:20:04.510 10700 10700 E aapt2   : No package ID 7f found for resource ID 0x7f0400f5.
08-13 20:20:04.510 10700 10700 E aapt2   : No package ID 7f found for resource ID 0x7f04028b.
08-13 20:20:04.510 10700 10700 E aapt2   : No package ID 7f found for resource ID 0x7f04028c.
08-13 20:20:04.510 10700 10700 E aapt2   : No package ID 7f found for resource ID 0x7f04027c.
08-13 20:20:04.510 10700 10700 E aapt2   : No package ID 7f found for resource ID 0x7f040278.
08-13 20:20:04.510 10700 10700 E aapt2   : No package ID 7f found for resource ID 0x7f04027a.
08-13 20:20:04.510 10700 10700 E aapt2   : No package ID 7f found for resource ID 0x7f040279.
08-13 20:20:04.510 10700 10700 E aapt2   : No package ID 7f found for resource ID 0x7f04025d.
08-13 20:20:04.510 10700 10700 E aapt2   : No package ID 7f found for resource ID 0x7f04025b.
08-13 20:20:04.510 10700 10700 E aapt2   : No package ID 7f found for resource ID 0x7f04025c.
08-13 20:20:04.510 10700 10700 E aapt2   : No package ID 7f found for resource ID 0x7f040270.
08-13 20:20:04.510 10700 10700 E aapt2   : No package ID 7f found for resource ID 0x7f0400ee.
08-13 20:20:04.510 10700 10700 E aapt2   : No package ID 7f found for resource ID 0x7f040338.
08-13 20:20:04.510 10700 10700 E aapt2   : No package ID 7f found for resource ID 0x7f040272.
08-13 20:20:04.510 10700 10700 E aapt2   : No package ID 7f found for resource ID 0x7f0402e8.
08-13 20:20:04.510 10700 10700 E aapt2   : No package ID 7f found for resource ID 0x7f0402b0.
08-13 20:20:04.510 10700 10700 E aapt2   : No package ID 7f found for resource ID 0x7f0402e5.
08-13 20:20:04.510 10700 10700 E aapt2   : No package ID 7f found for resource ID 0x7f0402e2.
08-13 20:20:04.510 10700 10700 E aapt2   : No package ID 7f found for resource ID 0x7f0402e4.
08-13 20:20:04.510 10700 10700 E aapt2   : No package ID 7f found for resource ID 0x7f0402e3.
08-13 20:20:04.510 10700 10700 E aapt2   : No package ID 7f found for resource ID 0x7f0402e6.
08-13 20:20:04.510 10700 10700 E aapt2   : No package ID 7f found for resource ID 0x7f040339.
08-13 20:20:04.510 10700 10700 E aapt2   : No package ID 7f found for resource ID 0x7f0400df.
08-13 20:20:04.510 10700 10700 E aapt2   : No package ID 7f found for resource ID 0x7f04004d.
08-13 20:20:04.510 10700 10700 E aapt2   : No package ID 7f found for resource ID 0x7f04004c.
08-13 20:20:04.510 10700 10700 E aapt2   : No package ID 7f found for resource ID 0x7f04034e.
08-13 20:20:04.510 10700 10700 E aapt2   : No package ID 7f found for resource ID 0x7f040028.
08-13 20:20:04.510 10700 10700 E aapt2   : No package ID 7f found for resource ID 0x7f0402cb.
08-13 20:20:04.510 10700 10700 E aapt2   : No package ID 7f found for resource ID 0x7f0402c8.
08-13 20:20:04.510 10700 10700 E aapt2   : No package ID 7f found for resource ID 0x7f0402c9.
08-13 20:20:04.510 10700 10700 E aapt2   : No package ID 7f found for resource ID 0x7f0402ca.
08-13 20:20:04.510 10700 10700 E aapt2   : No package ID 7f found for resource ID 0x7f04028e.
08-13 20:20:04.510 10700 10700 E aapt2   : No package ID 7f found for resource ID 0x7f0402c7.
08-13 20:20:04.510 10700 10700 E aapt2   : No package ID 7f found for resource ID 0x7f040062.
08-13 20:20:04.510 10700 10700 E aapt2   : No package ID 7f found for resource ID 0x7f04035b.
08-13 20:20:04.510 10700 10700 E aapt2   : No package ID 7f found for resource ID 0x7f040027.
08-13 20:20:04.510 10700 10700 E aapt2   : No package ID 7f found for resource ID 0x7f04028d.
08-13 20:20:04.510 10700 10700 E aapt2   : No package ID 7f found for resource ID 0x7f040210.
08-13 20:20:04.510 10700 10700 E aapt2   : No package ID 7f found for resource ID 0x7f040105.
08-13 20:20:04.510 10700 10700 E aapt2   : No package ID 7f found for resource ID 0x7f0402dd.
08-13 20:20:04.510 10700 10700 E aapt2   : No package ID 7f found for resource ID 0x7f040107.
08-13 20:20:04.510 10700 10700 E aapt2   : No package ID 7f found for resource ID 0x7f04019c.
08-13 20:20:04.510 10700 10700 E aapt2   : No package ID 7f found for resource ID 0x7f04019b.
08-13 20:20:04.510 10700 10700 E aapt2   : No package ID 7f found for resource ID 0x7f0400b1.
08-13 20:20:04.510 10700 10700 E aapt2   : No package ID 7f found for resource ID 0x7f040124.
08-13 20:20:04.510 10700 10700 E aapt2   : No package ID 7f found for resource ID 0x7f040125.
08-13 20:20:04.510 10700 10700 E aapt2   : No package ID 7f found for resource ID 0x7f040214.
08-13 20:20:04.510 10700 10700 E aapt2   : No package ID 7f found for resource ID 0x7f04002f.
08-13 20:20:04.510 10700 10700 E aapt2   : No package ID 7f found for resource ID 0x7f040246.
08-13 20:20:04.510 10700 10700 E aapt2   : No package ID 7f found for resource ID 0x7f0402dc.
08-13 20:20:04.510 10700 10700 E aapt2   : No package ID 7f found for resource ID 0x7f04000f.
08-13 20:20:04.510 10700 10700 E aapt2   : No package ID 7f found for resource ID 0x7f040024.
08-13 20:20:04.510 10700 10700 E aapt2   : No package ID 7f found for resource ID 0x7f040023.
08-13 20:20:04.510 10700 10700 E aapt2   : No package ID 7f found for resource ID 0x7f0400d6.
08-13 20:20:04.510 10700 10700 E aapt2   : No package ID 7f found for resource ID 0x7f04034a.
08-13 20:20:04.510 10700 10700 E aapt2   : No package ID 7f found for resource ID 0x7f040196.
08-13 20:20:04.510 10700 10700 E aapt2   : No package ID 7f found for resource ID 0x7f040197.
08-13 20:20:04.510 10700 10700 E aapt2   : No package ID 7f found for resource ID 0x7f040294.
08-13 20:20:04.510 10700 10700 E aapt2   : No package ID 7f found for resource ID 0x7f040300.
08-13 20:20:04.510 10700 10700 E aapt2   : No package ID 7f found for resource ID 0x7f040227.
08-13 20:20:04.510 10700 10700 E aapt2   : No package ID 7f found for resource ID 0x7f040229.
08-13 20:20:04.510 10700 10700 E aapt2   : No package ID 7f found for resource ID 0x7f040228.
08-13 20:20:04.510 10700 10700 E aapt2   : No package ID 7f found for resource ID 0x7f040226.
08-13 20:20:04.510 10700 10700 E aapt2   : No package ID 7f found for resource ID 0x7f04022a.
08-13 20:20:04.510 10700 10700 E aapt2   : No package ID 7f found for resource ID 0x7f04022b.
08-13 20:20:04.510 10700 10700 E aapt2   : No package ID 7f found for resource ID 0x7f040032.
08-13 20:20:04.510 10700 10700 E aapt2   : No package ID 7f found for resource ID 0x7f040031.
08-13 20:20:04.510 10700 10700 E aapt2   : No package ID 7f found for resource ID 0x7f040354.
08-13 20:20:04.510 10700 10700 E aapt2   : No package ID 7f found for resource ID 0x7f040265.
08-13 20:20:04.510 10700 10700 E aapt2   : No package ID 7f found for resource ID 0x7f040236.
08-13 20:20:04.510 10700 10700 E aapt2   : No package ID 7f found for resource ID 0x7f040238.
08-13 20:20:04.510 10700 10700 E aapt2   : No package ID 7f found for resource ID 0x7f04010f.
08-13 20:20:04.510 10700 10700 E aapt2   : No package ID 7f found for resource ID 0x7f04029a.
08-13 20:20:04.510 10700 10700 E aapt2   : No package ID 7f found for resource ID 0x7f040299.
08-13 20:20:04.510 10700 10700 E aapt2   : No package ID 7f found for resource ID 0x7f040298.
08-13 20:20:04.510 10700 10700 E aapt2   : No package ID 7f found for resource ID 0x7f040230.
08-13 20:20:04.510 10700 10700 E aapt2   : No package ID 7f found for resource ID 0x7f04022e.
08-13 20:20:04.510 10700 10700 E aapt2   : No package ID 7f found for resource ID 0x7f040232.
08-13 20:20:04.510 10700 10700 E aapt2   : No package ID 7f found for resource ID 0x7f040233.
08-13 20:20:04.510 10700 10700 E aapt2   : No package ID 7f found for resource ID 0x7f04022d.
08-13 20:20:04.510 10700 10700 E aapt2   : No package ID 7f found for resource ID 0x7f040234.
08-13 20:20:04.510 10700 10700 E aapt2   : No package ID 7f found for resource ID 0x7f04022f.
08-13 20:20:04.510 10700 10700 E aapt2   : No package ID 7f found for resource ID 0x7f040231.
08-13 20:20:04.510 10700 10700 E aapt2   : No package ID 7f found for resource ID 0x7f04024b.
08-13 20:20:04.510 10700 10700 E aapt2   : No package ID 7f found for resource ID 0x7f040248.
08-13 20:20:04.510 10700 10700 E aapt2   : No package ID 7f found for resource ID 0x7f040326.
08-13 20:20:04.510 10700 10700 E aapt2   : No package ID 7f found for resource ID 0x7f040327.
08-13 20:20:04.510 10700 10700 E aapt2   : No package ID 7f found for resource ID 0x7f040053.
08-13 20:20:04.510 10700 10700 E aapt2   : No package ID 7f found for resource ID 0x7f0402c5.
08-13 20:20:04.510 10700 10700 E aapt2   : No package ID 7f found for resource ID 0x7f040054.
08-13 20:20:04.511 10700 10700 E aapt2   : No package ID 7f found for resource ID 0x7f040325.
08-13 20:20:04.511 10700 10700 E aapt2   : No package ID 7f found for resource ID 0x7f040324.
08-13 20:20:04.511 10700 10700 E aapt2   : No package ID 7f found for resource ID 0x7f04031b.
08-13 20:20:04.511 10700 10700 E aapt2   : No package ID 7f found for resource ID 0x7f04032b.
08-13 20:20:04.511 10700 10700 E aapt2   : No package ID 7f found for resource ID 0x7f04032a.
08-13 20:20:04.511 10700 10700 E aapt2   : No package ID 7f found for resource ID 0x7f040328.
08-13 20:20:04.511 10700 10700 E aapt2   : No package ID 7f found for resource ID 0x7f04031c.
08-13 20:20:04.511 10700 10700 E aapt2   : No package ID 7f found for resource ID 0x7f04031d.
08-13 20:20:04.511 10700 10700 E aapt2   : No package ID 7f found for resource ID 0x7f04031f.
08-13 20:20:04.511 10700 10700 E aapt2   : No package ID 7f found for resource ID 0x7f04031e.
08-13 20:20:04.511 10700 10700 E aapt2   : No package ID 7f found for resource ID 0x7f040329.
08-13 20:20:04.511 10700 10700 E aapt2   : No package ID 7f found for resource ID 0x7f0401b6.
08-13 20:20:04.511 10700 10700 E aapt2   : No package ID 7f found for resource ID 0x7f0400e1.
08-13 20:20:04.511 10700 10700 E aapt2   : No package ID 7f found for resource ID 0x7f040237.
08-13 20:20:04.511 10700 10700 E aapt2   : No package ID 7f found for resource ID 0x7f040034.
08-13 20:20:04.511 10700 10700 E aapt2   : No package ID 7f found for resource ID 0x7f0402de.
08-13 20:20:04.511 10700 10700 E aapt2   : No package ID 7f found for resource ID 0x7f04022c.
08-13 20:20:04.511 10700 10700 E aapt2   : No package ID 7f found for resource ID 0x7f0400f1.
08-13 20:20:04.511 10700 10700 E aapt2   : No package ID 7f found for resource ID 0x7f0401b7.
08-13 20:20:04.511 10700 10700 E aapt2   : No package ID 7f found for resource ID 0x7f040311.
08-13 20:20:04.511 10700 10700 E aapt2   : No package ID 7f found for resource ID 0x7f04030f.
08-13 20:20:04.511 10700 10700 E aapt2   : No package ID 7f found for resource ID 0x7f040310.
08-13 20:20:04.511 10700 10700 E aapt2   : No package ID 7f found for resource ID 0x7f04030e.
08-13 20:20:04.511 10700 10700 E aapt2   : No package ID 7f found for resource ID 0x7f0400b9.
08-13 20:20:04.511 10700 10700 E aapt2   : No package ID 7f found for resource ID 0x7f04010d.
08-13 20:20:04.511 10700 10700 E aapt2   : No package ID 7f found for resource ID 0x7f04010e.
08-13 20:20:04.511 10700 10700 E aapt2   : No package ID 7f found for resource ID 0x7f04003d.
08-13 20:20:04.511 10700 10700 E aapt2   : No package ID 7f found for resource ID 0x7f04020e.
08-13 20:20:04.511 10700 10700 E aapt2   : No package ID 7f found for resource ID 0x7f04020b.
08-13 20:20:04.511 10700 10700 E aapt2   : No package ID 7f found for resource ID 0x7f0402f9.
08-13 20:20:04.511 10700 10700 E aapt2   : No package ID 7f found for resource ID 0x7f0402fa.
08-13 20:20:04.511 10700 10700 E aapt2   : No package ID 7f found for resource ID 0x7f0402f8.
08-13 20:20:04.511 10700 10700 E aapt2   : No package ID 7f found for resource ID 0x7f0402fb.
08-13 20:20:04.511 10700 10700 E aapt2   : No package ID 7f found for resource ID 0x7f0402f7.
08-13 20:20:04.511 10700 10700 E aapt2   : No package ID 7f found for resource ID 0x7f04010c.
08-13 20:20:04.511 10700 10700 E aapt2   : No package ID 7f found for resource ID 0x7f04034b.
08-13 20:20:04.511 10700 10700 E aapt2   : No package ID 7f found for resource ID 0x7f04034c.
08-13 20:20:04.511 10700 10700 E aapt2   : No package ID 7f found for resource ID 0x7f0402b9.
08-13 20:20:04.511 10700 10700 E aapt2   : No package ID 7f found for resource ID 0x7f04034d.
08-13 20:20:04.511 10700 10700 E aapt2   : No package ID 7f found for resource ID 0x7f0401f7.
08-13 20:20:04.511 10700 10700 E aapt2   : No package ID 7f found for resource ID 0x7f040241.
08-13 20:20:04.511 10700 10700 E aapt2   : No package ID 7f found for resource ID 0x7f04023c.
08-13 20:20:04.511 10700 10700 E aapt2   : No package ID 7f found for resource ID 0x7f04024d.
08-13 20:20:04.511 10700 10700 E aapt2   : No package ID 7f found for resource ID 0x7f040258.
08-13 20:20:04.511 10700 10700 E aapt2   : No package ID 7f found for resource ID 0x7f040257.
08-13 20:20:04.511 10700 10700 E aapt2   : No package ID 7f found for resource ID 0x7f0401f4.
08-13 20:20:04.511 10700 10700 E aapt2   : No package ID 7f found for resource ID 0x7f040039.
08-13 20:20:04.511 10700 10700 E aapt2   : No package ID 7f found for resource ID 0x7f04010b.
08-13 20:20:04.511 10700 10700 E aapt2   : No package ID 7f found for resource ID 0x7f04010a.
08-13 20:20:04.511 10700 10700 E aapt2   : No package ID 7f found for resource ID 0x7f040109.
08-13 20:20:04.511 10700 10700 E aapt2   : No package ID 7f found for resource ID 0x7f040037.
08-13 20:20:04.511 10700 10700 E aapt2   : No package ID 7f found for resource ID 0x7f040036.
08-13 20:20:04.511 10700 10700 E aapt2   : No package ID 7f found for resource ID 0x7f0402ad.
08-13 20:20:04.511 10700 10700 E aapt2   : No package ID 7f found for resource ID 0x7f0402af.
08-13 20:20:04.511 10700 10700 E aapt2   : No package ID 7f found for resource ID 0x7f0402ac.
08-13 20:20:04.511 10700 10700 E aapt2   : No package ID 7f found for resource ID 0x7f0402b8.
08-13 20:20:04.511 10700 10700 E aapt2   : No package ID 7f found for resource ID 0x7f04012d.
08-13 20:20:04.511 10700 10700 E aapt2   : No package ID 7f found for resource ID 0x7f040295.
08-13 20:20:04.511 10700 10700 E aapt2   : No package ID 7f found for resource ID 0x7f040243.
08-13 20:20:04.511 10700 10700 E aapt2   : No package ID 7f found for resource ID 0x7f0402ec.
08-13 20:20:04.511 10700 10700 E aapt2   : No package ID 7f found for resource ID 0x7f0402eb.
08-13 20:20:04.511 10700 10700 E aapt2   : No package ID 7f found for resource ID 0x7f0402e7.
08-13 20:20:04.511 10700 10700 E aapt2   : No package ID 7f found for resource ID 0x7f040307.
08-13 20:20:04.511 10700 10700 E aapt2   : No package ID 7f found for resource ID 0x7f040306.
08-13 20:20:04.511 10700 10700 E aapt2   : No package ID 7f found for resource ID 0x7f0402e9.
08-13 20:20:04.511 10700 10700 E aapt2   : No package ID 7f found for resource ID 0x7f040368.
08-13 20:20:04.511 10700 10700 E aapt2   : No package ID 7f found for resource ID 0x7f040033.
08-13 20:20:04.511 10700 10700 E aapt2   : No package ID 7f found for resource ID 0x7f040276.
08-13 20:20:04.511 10700 10700 E aapt2   : No package ID 7f found for resource ID 0x7f040268.
08-13 20:20:04.511 10700 10700 E aapt2   : No package ID 7f found for resource ID 0x7f040154.
08-13 20:20:04.511 10700 10700 E aapt2   : No package ID 7f found for resource ID 0x7f040153.
08-13 20:20:04.511 10700 10700 E aapt2   : No package ID 7f found for resource ID 0x7f04035e.
08-13 20:20:04.511 10700 10700 E aapt2   : No package ID 7f found for resource ID 0x7f04003b.
08-13 20:20:04.511 10700 10700 E aapt2   : No package ID 7f found for resource ID 0x7f0401a8.
08-13 20:20:04.511 10700 10700 E aapt2   : No package ID 7f found for resource ID 0x7f0402ed.
08-13 20:20:04.511 10700 10700 E aapt2   : No package ID 7f found for resource ID 0x7f0400f9.
08-13 20:20:04.511 10700 10700 E aapt2   : No package ID 7f found for resource ID 0x7f04035f.
08-13 20:20:04.511 10700 10700 E aapt2   : No package ID 7f found for resource ID 0x7f040190.
08-13 20:20:04.511 10700 10700 E aapt2   : No package ID 7f found for resource ID 0x7f04018f.
08-13 20:20:04.511 10700 10700 E aapt2   : No package ID 7f found for resource ID 0x7f040045.
08-13 20:20:04.511 10700 10700 E aapt2   : No package ID 7f found for resource ID 0x7f0402e1.
08-13 20:20:04.511 10700 10700 E aapt2   : No package ID 7f found for resource ID 0x7f0401b1.
08-13 20:20:04.511 10700 10700 E aapt2   : No package ID 7f found for resource ID 0x7f04028f.
08-13 20:20:04.511 10700 10700 E aapt2   : No package ID 7f found for resource ID 0x7f040309.
08-13 20:20:04.511 10700 10700 E aapt2   : No package ID 7f found for resource ID 0x7f0402b2.
08-13 20:20:04.511 10700 10700 E aapt2   : No package ID 7f found for resource ID 0x7f040259.
08-13 20:20:04.511 10700 10700 E aapt2   : No package ID 7f found for resource ID 0x7f0402ff.
08-13 20:20:04.511 10700 10700 E aapt2   : No package ID 7f found for resource ID 0x7f040366.
08-13 20:20:04.511 10700 10700 E aapt2   : No package ID 7f found for resource ID 0x7f0401db.
08-13 20:20:04.511 10700 10700 E aapt2   : No package ID 7f found for resource ID 0x7f04025e.
08-13 20:20:04.511 10700 10700 E aapt2   : No package ID 7f found for resource ID 0x7f040261.
08-13 20:20:04.511 10700 10700 E aapt2   : No package ID 7f found for resource ID 0x7f0401b8.
08-13 20:20:04.511 10700 10700 E aapt2   : No package ID 7f found for resource ID 0x7f0402f2.
08-13 20:20:04.511 10700 10700 E aapt2   : No package ID 7f found for resource ID 0x7f0402b6.
08-13 20:20:04.511 10700 10700 E aapt2   : No package ID 7f found for resource ID 0x7f0402fd.
08-13 20:20:04.511 10700 10700 E aapt2   : No package ID 7f found for resource ID 0x7f040127.
08-13 20:20:04.511 10700 10700 E aapt2   : No package ID 7f found for resource ID 0x7f04012a.
08-13 20:20:04.511 10700 10700 E aapt2   : No package ID 7f found for resource ID 0x7f04012b.
08-13 20:20:04.511 10700 10700 E aapt2   : No package ID 7f found for resource ID 0x7f040128.
08-13 20:20:04.511 10700 10700 E aapt2   : No package ID 7f found for resource ID 0x7f040129.
08-13 20:20:04.511 10700 10700 E aapt2   : No package ID 7f found for resource ID 0x7f0401b5.
08-13 20:20:04.511 10700 10700 E aapt2   : No package ID 7f found for resource ID 0x7f040198.
08-13 20:20:04.511 10700 10700 E aapt2   : No package ID 7f found for resource ID 0x7f04029c.
08-13 20:20:04.511 10700 10700 E aapt2   : No package ID 7f found for resource ID 0x7f0400f2.
08-13 20:20:04.511 10700 10700 E aapt2   : No package ID 7f found for resource ID 0x7f0400ba.
08-13 20:20:04.511 10700 10700 E aapt2   : No package ID 7f found for resource ID 0x7f040156.
08-13 20:20:04.511 10700 10700 E aapt2   : No package ID 7f found for resource ID 0x7f0402cd.
08-13 20:20:04.511 10700 10700 E aapt2   : No package ID 7f found for resource ID 0x7f0402cc.
08-13 20:20:04.511 10700 10700 E aapt2   : No package ID 7f found for resource ID 0x7f040367.
08-13 20:20:04.511 10700 10700 E aapt2   : No package ID 7f found for resource ID 0x7f0400cd.
08-13 20:20:04.511 10700 10700 E aapt2   : No package ID 7f found for resource ID 0x7f040308.
08-13 20:20:04.511 10700 10700 E aapt2   : No package ID 7f found for resource ID 0x7f04029b.
08-13 20:20:04.511 10700 10700 E aapt2   : No package ID 7f found for resource ID 0x7f040301.
08-13 20:20:04.511 10700 10700 E aapt2   : No package ID 7f found for resource ID 0x7f04006c.
08-13 20:20:04.511 10700 10700 E aapt2   : No package ID 7f found for resource ID 0x7f0400c9.
08-13 20:20:04.511 10700 10700 E aapt2   : No package ID 7f found for resource ID 0x7f0402c6.
08-13 20:20:04.511 10700 10700 E aapt2   : No package ID 7f found for resource ID 0x7f040292.
08-13 20:20:04.511 10700 10700 E aapt2   : No package ID 7f found for resource ID 0x7f0400d4.
08-13 20:20:04.511 10700 10700 E aapt2   : No package ID 7f found for resource ID 0x7f0400f8.
08-13 20:20:04.511 10700 10700 E aapt2   : No package ID 7f found for resource ID 0x7f04032f.
08-13 20:20:04.511 10700 10700 E aapt2   : No package ID 7f found for resource ID 0x7f040330.
08-13 20:20:04.511 10700 10700 E aapt2   : No package ID 7f found for resource ID 0x7f04034f.
08-13 20:20:04.511 10700 10700 E aapt2   : No package ID 7f found for resource ID 0x7f040350.
08-13 20:20:04.511 10700 10700 E aapt2   : No package ID 7f found for resource ID 0x7f040351.
08-13 20:20:04.511 10700 10700 E aapt2   : No package ID 7f found for resource ID 0x7f04032e.
08-13 20:20:04.511 10700 10700 E aapt2   : No package ID 7f found for resource ID 0x7f04030d.
08-13 20:20:04.511 10700 10700 E aapt2   : No package ID 7f found for resource ID 0x7f04030a.
08-13 20:20:04.511 10700 10700 E aapt2   : No package ID 7f found for resource ID 0x7f04030b.
08-13 20:20:04.511 10700 10700 E aapt2   : No package ID 7f found for resource ID 0x7f0402f6.
08-13 20:20:04.511 10700 10700 E aapt2   : No package ID 7f found for resource ID 0x7f0402df.
08-13 20:20:04.511 10700 10700 E aapt2   : No package ID 7f found for resource ID 0x7f040147.
08-13 20:20:04.511 10700 10700 E aapt2   : No package ID 7f found for resource ID 0x7f040312.
08-13 20:20:04.511 10700 10700 E aapt2   : No package ID 7f found for resource ID 0x7f040323.
08-13 20:20:04.511 10700 10700 E aapt2   : No package ID 7f found for resource ID 0x7f040150.
08-13 20:20:04.511 10700 10700 E aapt2   : No package ID 7f found for resource ID 0x7f040322.
08-13 20:20:04.511 10700 10700 E aapt2   : No package ID 7f found for resource ID 0x7f040343.
08-13 20:20:04.511 10700 10700 E aapt2   : No package ID 7f found for resource ID 0x7f040303.
08-13 20:20:04.511 10700 10700 E aapt2   : No package ID 7f found for resource ID 0x7f04033c.
08-13 20:20:04.511 10700 10700 E aapt2   : No package ID 7f found for resource ID 0x7f040302.
08-13 20:20:04.511 10700 10700 E aapt2   : No package ID 7f found for resource ID 0x7f04033d.
08-13 20:20:04.511 10700 10700 E aapt2   : No package ID 7f found for resource ID 0x7f040340.
08-13 20:20:04.511 10700 10700 E aapt2   : No package ID 7f found for resource ID 0x7f04033f.
08-13 20:20:04.511 10700 10700 E aapt2   : No package ID 7f found for resource ID 0x7f040341.
08-13 20:20:04.511 10700 10700 E aapt2   : No package ID 7f found for resource ID 0x7f04033e.
08-13 20:20:04.511 10700 10700 E aapt2   : No package ID 7f found for resource ID 0x7f040342.
08-13 20:20:04.511 10700 10700 E aapt2   : No package ID 7f found for resource ID 0x7f0400db.
08-13 20:20:04.511 10700 10700 E aapt2   : No package ID 7f found for resource ID 0x7f0400d7.
08-13 20:20:04.511 10700 10700 E aapt2   : No package ID 7f found for resource ID 0x7f0400d9.
08-13 20:20:04.511 10700 10700 E aapt2   : No package ID 7f found for resource ID 0x7f0400da.
08-13 20:20:04.511 10700 10700 E aapt2   : No package ID 7f found for resource ID 0x7f0400dc.
08-13 20:20:04.511 10700 10700 E aapt2   : No package ID 7f found for resource ID 0x7f0400d8.
08-13 20:20:04.511 10700 10700 E aapt2   : No package ID 7f found for resource ID 0x7f04020c.
08-13 20:20:04.511 10700 10700 E aapt2   : No package ID 7f found for resource ID 0x7f040069.
08-13 20:20:04.511 10700 10700 E aapt2   : No package ID 7f found for resource ID 0x7f0400be.
08-13 20:20:04.511 10700 10700 E aapt2   : No package ID 7f found for resource ID 0x7f0400bd.
08-13 20:20:04.511 10700 10700 E aapt2   : No package ID 7f found for resource ID 0x7f04023f.
08-13 20:20:04.511 10700 10700 E aapt2   : No package ID 7f found for resource ID 0x7f04023e.
08-13 20:20:04.511 10700 10700 E aapt2   : No package ID 7f found for resource ID 0x7f040208.
08-13 20:20:04.511 10700 10700 E aapt2   : No package ID 7f found for resource ID 0x7f040209.
08-13 20:20:04.511 10700 10700 E aapt2   : No package ID 7f found for resource ID 0x7f040344.
08-13 20:20:04.511 10700 10700 E aapt2   : No package ID 7f found for resource ID 0x7f040304.
08-13 20:20:04.511 10700 10700 E aapt2   : No package ID 7f found for resource ID 0x7f040222.
08-13 20:20:04.511 10700 10700 E aapt2   : No package ID 7f found for resource ID 0x7f040352.
08-13 20:20:04.511 10700 10700 E aapt2   : No package ID 7f found for resource ID 0x7f0400d1.
08-13 20:20:04.511 10700 10700 E aapt2   : No package ID 7f found for resource ID 0x7f0400d0.
08-13 20:20:04.511 10700 10700 E aapt2   : No package ID 7f found for resource ID 0x7f040353.
08-13 20:20:04.511 10700 10700 E aapt2   : No package ID 7f found for resource ID 0x7f0401b7.
08-13 20:20:04.511 10700 10700 E aapt2   : No package ID 7f found for resource ID 0x7f040265.
08-13 20:20:04.511 10700 10700 E aapt2   : No package ID 7f found for resource ID 0x7f040044.
08-13 20:20:04.511 10700 10700 E aapt2   : No package ID 7f found for resource ID 0x7f040235.
08-13 20:20:04.511 10700 10700 E aapt2   : No package ID 7f found for resource ID 0x7f04011c.
08-13 20:20:04.511 10700 10700 E aapt2   : No package ID 7f found for resource ID 0x7f0402fe.
08-13 20:20:04.511 10700 10700 E aapt2   : No package ID 7f found for resource ID 0x7f040355.
08-13 20:20:04.511 10700 10700 E aapt2   : No package ID 7f found for resource ID 0x7f0402a9.
08-13 20:20:04.511 10700 10700 E aapt2   : No package ID 7f found for resource ID 0x7f0402aa.
08-13 20:20:04.511 10700 10700 E aapt2   : No package ID 7f found for resource ID 0x7f0402a7.
08-13 20:20:04.511 10700 10700 E aapt2   : No package ID 7f found for resource ID 0x7f0402a8.
08-13 20:20:04.511 10700 10700 E aapt2   : No package ID 7f found for resource ID 0x7f040260.
08-13 20:20:04.511 10700 10700 E aapt2   : No package ID 7f found for resource ID 0x7f04025f.
08-13 20:20:04.511 10700 10700 E aapt2   : No package ID 7f found for resource ID 0x7f04032c.
08-13 20:20:04.511 10700 10700 E aapt2   : No package ID 7f found for resource ID 0x7f040049.
08-13 20:20:04.511 10700 10700 E aapt2   : No package ID 7f found for resource ID 0x7f04004a.
08-13 20:20:04.511 10700 10700 E aapt2   : No package ID 7f found for resource ID 0x7f040239.
08-13 20:20:04.511 10700 10700 E aapt2   : No package ID 7f found for resource ID 0x7f040362.
08-13 20:20:04.511 10700 10700 E aapt2   : No package ID 7f found for resource ID 0x7f04024c.
08-13 20:20:04.511 10700 10700 E aapt2   : No package ID 7f found for resource ID 0x7f04035c.
08-13 20:20:04.511 10700 10700 E aapt2   : No package ID 7f found for resource ID 0x7f040265.
08-13 20:20:04.511 10700 10700 E aapt2   : No package ID 7f found for resource ID 0x7f040001.
08-13 20:20:04.511 10700 10700 E aapt2   : No package ID 7f found for resource ID 0x7f040000.
08-13 20:20:04.511 10700 10700 E aapt2   : No package ID 7f found for resource ID 0x7f0402da.
08-13 20:20:04.511 10700 10700 E aapt2   : No package ID 7f found for resource ID 0x7f0400b8.
08-13 20:20:04.511 10700 10700 E aapt2   : No package ID 7f found for resource ID 0x7f04019a.
08-13 20:20:04.511 10700 10700 E aapt2   : No package ID 7f found for resource ID 0x7f040199.
08-13 20:20:04.511 10700 10700 E aapt2   : No package ID 7f found for resource ID 0x7f0400cf.
08-13 20:20:04.511 10700 10700 E aapt2   : No package ID 7f found for resource ID 0x7f040072.
08-13 20:20:04.511 10700 10700 E aapt2   : No package ID 7f found for resource ID 0x7f040071.
08-13 20:20:04.511 10700 10700 E aapt2   : No package ID 7f found for resource ID 0x7f040073.
08-13 20:20:04.511 10700 10700 E aapt2   : No package ID 7f found for resource ID 0x7f0401ab.
08-13 20:20:04.511 10700 10700 E aapt2   : No package ID 7f found for resource ID 0x7f040126.
08-13 20:20:04.511 10700 10700 E aapt2   : No package ID 7f found for resource ID 0x7f0402d8.
08-13 20:20:04.511 10700 10700 E aapt2   : No package ID 7f found for resource ID 0x7f0402d9.
08-13 20:20:04.511 10700 10700 E aapt2   : No package ID 7f found for resource ID 0x7f040025.
08-13 20:20:04.511 10700 10700 E aapt2   : No package ID 7f found for resource ID 0x7f0401f2.
08-13 20:20:04.511 10700 10700 E aapt2   : No package ID 7f found for resource ID 0x7f040143.
08-13 20:20:04.511 10700 10700 E aapt2   : No package ID 7f found for resource ID 0x7f040142.
08-13 20:20:04.511 10700 10700 E aapt2   : No package ID 7f found for resource ID 0x7f040145.
08-13 20:20:04.511 10700 10700 E aapt2   : No package ID 7f found for resource ID 0x7f040144.
08-13 20:20:04.511 10700 10700 E aapt2   : No package ID 7f found for resource ID 0x7f040194.
08-13 20:20:04.511 10700 10700 E aapt2   : No package ID 7f found for resource ID 0x7f040360.
08-13 20:20:04.511 10700 10700 E aapt2   : No package ID 7f found for resource ID 0x7f0400ed.
08-13 20:20:04.511 10700 10700 E aapt2   : No package ID 7f found for resource ID 0x7f04026e.
08-13 20:20:04.511 10700 10700 E aapt2   : No package ID 7f found for resource ID 0x7f04026f.
08-13 20:20:04.511 10700 10700 E aapt2   : No package ID 7f found for resource ID 0x7f0402bf.
08-13 20:20:04.511 10700 10700 E aapt2   : No package ID 7f found for resource ID 0x7f040245.
08-13 20:20:04.511 10700 10700 E aapt2   : No package ID 7f found for resource ID 0x7f0401aa.
08-13 20:20:04.511 10700 10700 E aapt2   : No package ID 7f found for resource ID 0x7f0401f5.
08-13 20:20:04.511 10700 10700 E aapt2   : No package ID 7f found for resource ID 0x7f0400cb.
08-13 20:20:04.511 10700 10700 E aapt2   : No package ID 7f found for resource ID 0x7f040275.
08-13 20:20:04.511 10700 10700 E aapt2   : No package ID 7f found for resource ID 0x7f040267.
08-13 20:20:04.511 10700 10700 E aapt2   : No package ID 7f found for resource ID 0x7f04012c.
08-13 20:20:04.511 10700 10700 E aapt2   : No package ID 7f found for resource ID 0x7f0402b7.
08-13 20:20:04.511 10700 10700 E aapt2   : No package ID 7f found for resource ID 0x7f0402f0.
08-13 20:20:04.511 10700 10700 E aapt2   : No package ID 7f found for resource ID 0x7f0402f1.
08-13 20:20:04.511 10700 10700 E aapt2   : No package ID 7f found for resource ID 0x7f040334.
08-13 20:20:04.511 10700 10700 E aapt2   : No package ID 7f found for resource ID 0x7f040333.
08-13 20:20:04.511 10700 10700 E aapt2   : No package ID 7f found for resource ID 0x7f040332.
08-13 20:20:04.511 10700 10700 E aapt2   : No package ID 7f found for resource ID 0x7f040331.
08-13 20:20:04.511 10700 10700 E aapt2   : No package ID 7f found for resource ID 0x7f0402ab.
08-13 20:20:04.511 10700 10700 E aapt2   : No package ID 7f found for resource ID 0x7f0402ae.
08-13 20:20:04.511 10700 10700 E aapt2   : No package ID 7f found for resource ID 0x7f0402ea.
08-13 20:20:04.511 10700 10700 E aapt2   : No package ID 7f found for resource ID 0x7f040191.
08-13 20:20:04.511 10700 10700 E aapt2   : No package ID 7f found for resource ID 0x7f0400bc.
08-13 20:20:04.511 10700 10700 E aapt2   : No package ID 7f found for resource ID 0x7f040271.
08-13 20:20:04.511 10700 10700 E aapt2   : No package ID 7f found for resource ID 0x7f0402b1.
08-13 20:20:04.511 10700 10700 E aapt2   : No package ID 7f found for resource ID 0x7f0402b5.
08-13 20:20:04.511 10700 10700 E aapt2   : No package ID 7f found for resource ID 0x7f04020a.
08-13 20:20:04.511 10700 10700 E aapt2   : No package ID 7f found for resource ID 0x7f0402b4.
08-13 20:20:04.511 10700 10700 E aapt2   : No package ID 7f found for resource ID 0x7f0402b3.
08-13 20:20:04.511 10700 10700 E aapt2   : No package ID 7f found for resource ID 0x7f0402d0.
08-13 20:20:04.511 10700 10700 E aapt2   : No package ID 7f found for resource ID 0x7f0402d1.
08-13 20:20:04.511 10700 10700 E aapt2   : No package ID 7f found for resource ID 0x7f0402cf.
08-13 20:20:04.511 10700 10700 E aapt2   : No package ID 7f found for resource ID 0x7f0402ce.
08-13 20:20:04.511 10700 10700 E aapt2   : No package ID 7f found for resource ID 0x7f0401f6.
08-13 20:20:04.511 10700 10700 E aapt2   : No package ID 7f found for resource ID 0x7f0401ad.
08-13 20:20:04.511 10700 10700 E aapt2   : No package ID 7f found for resource ID 0x7f04035d.
08-13 20:20:04.511 10700 10700 E aapt2   : No package ID 7f found for resource ID 0x7f0400cc.
08-13 20:20:04.511 10700 10700 E aapt2   : No package ID 7f found for resource ID 0x7f040244.
com.lumora.app-mergeReleaseResources-50:/layout/activity_main.xml:1588: error: resource drawable/ic_concerts (aka com.korndog.tv:drawable/ic_concerts) not found.
error: failed linking file resources.

	at com.android.builder.internal.aapt.v2.Aapt2Exception$Companion.create(Aapt2Exception.kt:45)
	at com.android.builder.internal.aapt.v2.Aapt2Exception$Companion.create$default(Aapt2Exception.kt:33)
	at com.android.builder.internal.aapt.v2.Aapt2DaemonImpl.doLink(Aapt2DaemonImpl.kt:188)
	at com.android.builder.internal.aapt.v2.Aapt2Daemon.link(Aapt2Daemon.kt:124)
	at com.android.builder.internal.aapt.v2.Aapt2DaemonManager$LeasedAaptDaemon.link(Aapt2DaemonManager.kt:176)
	at com.android.builder.internal.aapt.v2.Aapt2DaemonManager$leasingAapt2Daemon$1.link(Aapt2DaemonManager.kt:199)
	at com.android.build.gradle.internal.services.PartialInProcessResourceProcessor.link(PartialInProcessResourceProcessor.kt:51)
	at com.android.build.gradle.internal.res.Aapt2ProcessResourcesRunnableKt.processResources(Aapt2ProcessResourcesRunnable.kt:74)
	at com.android.build.gradle.internal.res.LinkApplicationAndroidResourcesTask$Companion.invokeAaptForSplit(LinkApplicationAndroidResourcesTask.kt:940)
	at com.android.build.gradle.internal.res.LinkApplicationAndroidResourcesTask$Companion.access$invokeAaptForSplit(LinkApplicationAndroidResourcesTask.kt:795)
	at com.android.build.gradle.internal.res.LinkApplicationAndroidResourcesTask$TaskAction.run(LinkApplicationAndroidResourcesTask.kt:431)
	at com.android.build.gradle.internal.profile.ProfileAwareWorkAction.execute(ProfileAwareWorkAction.kt:74)
	at org.gradle.workers.internal.DefaultWorkerServer.execute(DefaultWorkerServer.java:63)
	at org.gradle.workers.internal.NoIsolationWorkerFactory$1$1.create(NoIsolationWorkerFactory.java:66)
	at org.gradle.workers.internal.NoIsolationWorkerFactory$1$1.create(NoIsolationWorkerFactory.java:62)
	at org.gradle.internal.classloader.ClassLoaderUtils.executeInClassloader(ClassLoaderUtils.java:100)
	at org.gradle.workers.internal.NoIsolationWorkerFactory$1.lambda$execute$0(NoIsolationWorkerFactory.java:62)
	at org.gradle.workers.internal.AbstractWorker$1.call(AbstractWorker.java:44)
	at org.gradle.workers.internal.AbstractWorker$1.call(AbstractWorker.java:41)
	at org.gradle.internal.operations.DefaultBuildOperationRunner$CallableBuildOperationWorker.execute(DefaultBuildOperationRunner.java:209)
	at org.gradle.internal.operations.DefaultBuildOperationRunner$CallableBuildOperationWorker.execute(DefaultBuildOperationRunner.java:204)
	at org.gradle.internal.operations.DefaultBuildOperationRunner$2.execute(DefaultBuildOperationRunner.java:66)
	at org.gradle.internal.operations.DefaultBuildOperationRunner$2.execute(DefaultBuildOperationRunner.java:59)
	at org.gradle.internal.operations.DefaultBuildOperationRunner.execute(DefaultBuildOperationRunner.java:166)
	at org.gradle.internal.operations.DefaultBuildOperationRunner.execute(DefaultBuildOperationRunner.java:59)
	at org.gradle.internal.operations.DefaultBuildOperationRunner.call(DefaultBuildOperationRunner.java:53)
	at org.gradle.workers.internal.AbstractWorker.executeWrappedInBuildOperation(AbstractWorker.java:41)
	at org.gradle.workers.internal.NoIsolationWorkerFactory$1.execute(NoIsolationWorkerFactory.java:59)
	at org.gradle.workers.internal.DefaultWorkerExecutor.lambda$submitWork$0(DefaultWorkerExecutor.java:174)
	at org.gradle.internal.work.DefaultConditionalExecutionQueue$ExecutionRunner.runExecution(DefaultConditionalExecutionQueue.java:194)
	at org.gradle.internal.work.DefaultConditionalExecutionQueue$ExecutionRunner.access$700(DefaultConditionalExecutionQueue.java:127)
	at org.gradle.internal.work.DefaultConditionalExecutionQueue$ExecutionRunner$1.run(DefaultConditionalExecutionQueue.java:169)
	at org.gradle.internal.Factories$1.create(Factories.java:31)
	at org.gradle.internal.work.DefaultWorkerLeaseService.withLocks(DefaultWorkerLeaseService.java:263)
	at org.gradle.internal.work.DefaultWorkerLeaseService.runAsWorkerThread(DefaultWorkerLeaseService.java:127)
	at org.gradle.internal.work.DefaultWorkerLeaseService.runAsWorkerThread(DefaultWorkerLeaseService.java:132)
	at org.gradle.internal.work.DefaultConditionalExecutionQueue$ExecutionRunner.runBatch(DefaultConditionalExecutionQueue.java:164)
	at org.gradle.internal.work.DefaultConditionalExecutionQueue$ExecutionRunner.run(DefaultConditionalExecutionQueue.java:133)
	... 2 more
	Suppressed: java.util.NoSuchElementException: Unable to get absolute path from com.lumora.app-mergeReleaseResources-50:/layout/activity_main.xml
                       because com.lumora.app-mergeReleaseResources-50 is not key in sourceSetPathMap.
		at com.android.ide.common.resources.RelativeResourceUtils$relativeResourcePathToAbsolutePath$1.invoke(RelativeResourceUtils.kt:91)
		at com.android.ide.common.resources.RelativeResourceUtils$relativeResourcePathToAbsolutePath$1.invoke(RelativeResourceUtils.kt:68)
		at com.android.ide.common.resources.RelativeResourceUtils.relativeResourcePathToAbsolutePath(RelativeResourceUtils.kt:61)
		at com.android.ide.common.blame.parser.aapt.Aapt2ErrorParser$MessageParser.parse(Aapt2ErrorParser.kt:124)
		at com.android.ide.common.blame.parser.aapt.Aapt2ErrorParser.parse(Aapt2ErrorParser.kt:99)
		at com.android.ide.common.blame.parser.aapt.Aapt2OutputParser.parse(Aapt2OutputParser.java:56)
		at com.android.ide.common.blame.parser.ToolOutputParser.parseToolOutput(ToolOutputParser.java:84)
		at com.android.build.gradle.internal.res.Aapt2ErrorUtils.rewriteException(Aapt2ErrorUtils.kt:219)
		at com.android.build.gradle.internal.res.Aapt2ErrorUtils.rewriteLinkException(Aapt2ErrorUtils.kt:133)
		at com.android.build.gradle.internal.res.Aapt2ProcessResourcesRunnableKt.processResources(Aapt2ProcessResourcesRunnable.kt:76)
		at com.android.build.gradle.internal.res.LinkApplicationAndroidResourcesTask$Companion.invokeAaptForSplit(LinkApplicationAndroidResourcesTask.kt:940)
		at com.android.build.gradle.internal.res.LinkApplicationAndroidResourcesTask$Companion.access$invokeAaptForSplit(LinkApplicationAndroidResourcesTask.kt:795)
		at com.android.build.gradle.internal.res.LinkApplicationAndroidResourcesTask$TaskAction.run(LinkApplicationAndroidResourcesTask.kt:431)
		at com.android.build.gradle.internal.profile.ProfileAwareWorkAction.execute(ProfileAwareWorkAction.kt:74)
		at org.gradle.workers.internal.DefaultWorkerServer.execute(DefaultWorkerServer.java:63)
		at org.gradle.workers.internal.NoIsolationWorkerFactory$1$1.create(NoIsolationWorkerFactory.java:66)
		at org.gradle.workers.internal.NoIsolationWorkerFactory$1$1.create(NoIsolationWorkerFactory.java:62)
		at org.gradle.internal.classloader.ClassLoaderUtils.executeInClassloader(ClassLoaderUtils.java:100)
		at org.gradle.workers.internal.NoIsolationWorkerFactory$1.lambda$execute$0(NoIsolationWorkerFactory.java:62)
		at org.gradle.workers.internal.AbstractWorker$1.call(AbstractWorker.java:44)
		at org.gradle.workers.internal.AbstractWorker$1.call(AbstractWorker.java:41)
		at org.gradle.internal.operations.DefaultBuildOperationRunner$CallableBuildOperationWorker.execute(DefaultBuildOperationRunner.java:209)
		at org.gradle.internal.operations.DefaultBuildOperationRunner$CallableBuildOperationWorker.execute(DefaultBuildOperationRunner.java:204)
		at org.gradle.internal.operations.DefaultBuildOperationRunner$2.execute(DefaultBuildOperationRunner.java:66)
		at org.gradle.internal.operations.DefaultBuildOperationRunner$2.execute(DefaultBuildOperationRunner.java:59)
		at org.gradle.internal.operations.DefaultBuildOperationRunner.execute(DefaultBuildOperationRunner.java:166)
		at org.gradle.internal.operations.DefaultBuildOperationRunner.execute(DefaultBuildOperationRunner.java:59)
		at org.gradle.internal.operations.DefaultBuildOperationRunner.call(DefaultBuildOperationRunner.java:53)
		at org.gradle.workers.internal.AbstractWorker.executeWrappedInBuildOperation(AbstractWorker.java:41)
		at org.gradle.workers.internal.NoIsolationWorkerFactory$1.execute(NoIsolationWorkerFactory.java:59)
		at org.gradle.workers.internal.DefaultWorkerExecutor.lambda$submitWork$0(DefaultWorkerExecutor.java:174)
		at java.base/java.util.concurrent.FutureTask.run(FutureTask.java:317)
		at org.gradle.internal.work.DefaultConditionalExecutionQueue$ExecutionRunner.runExecution(DefaultConditionalExecutionQueue.java:194)
		at org.gradle.internal.work.DefaultConditionalExecutionQueue$ExecutionRunner.access$700(DefaultConditionalExecutionQueue.java:127)
		at org.gradle.internal.work.DefaultConditionalExecutionQueue$ExecutionRunner$1.run(DefaultConditionalExecutionQueue.java:169)
		at org.gradle.internal.Factories$1.create(Factories.java:31)
		at org.gradle.internal.work.DefaultWorkerLeaseService.withLocks(DefaultWorkerLeaseService.java:263)
		at org.gradle.internal.work.DefaultWorkerLeaseService.runAsWorkerThread(DefaultWorkerLeaseService.java:127)
		at org.gradle.internal.work.DefaultWorkerLeaseService.runAsWorkerThread(DefaultWorkerLeaseService.java:132)
		at org.gradle.internal.work.DefaultConditionalExecutionQueue$ExecutionRunner.runBatch(DefaultConditionalExecutionQueue.java:164)
		at org.gradle.internal.work.DefaultConditionalExecutionQueue$ExecutionRunner.run(DefaultConditionalExecutionQueue.java:133)
		at java.base/java.util.concurrent.Executors$RunnableAdapter.call(Executors.java:572)
		at java.base/java.util.concurrent.FutureTask.run(FutureTask.java:317)
		at org.gradle.internal.concurrent.ExecutorPolicy$CatchAndRecordFailures.onExecute(ExecutorPolicy.java:64)
		at org.gradle.internal.concurrent.AbstractManagedExecutor$1.run(AbstractManagedExecutor.java:48)
		at java.base/java.util.concurrent.ThreadPoolExecutor.runWorker(ThreadPoolExecutor.java:1144)
		at java.base/java.util.concurrent.ThreadPoolExecutor$Worker.run(ThreadPoolExecutor.java:642)
		at java.base/java.lang.Thread.run(Thread.java:1583)


Deprecated Gradle features were used in this build, making it incompatible with Gradle 9.0.

You can use '--warning-mode all' to show the individual deprecation warnings and determine if they come from your own scripts or plugins.

For more on this, please refer to https://docs.gradle.org/8.12/userguide/command_line_interface.html#sec:command_line_warnings in the Gradle documentation.

BUILD FAILED in 18s
12 actionable tasks: 1 executed, 11 up-to-date
